codigo,age,dwom,dmen,civstat,depto,left,time_spend_company_days,jorn,travel_time,distance,IMU2010,salary_total,level,department,GMU2010 I,travel_timeadj,nDelitos,tDelitos,salary+inc7,salary+inc12,salaryinc7,salaryinc12
7840,34,1,0,SOLTERO,87,1,39,1,4.94,6.433333333,NA,428.63,5,GERENTE ,0,4.94,0,NA,458.6341,480.0656,30.0041,51.4356
7879,26,0,1,SOLTERO,72,1,161,1,4.17,12.48333333,0.115597876,107.34,1,AYUDANTE ,0.833333333,4.17,31,5.605786618,114.8538,120.2208,7.5138,12.8808
7505,30,0,1,SOLTERO,82,1,520,1,11.188,24.28333333,0.172689659,127.72,1,AYUDANTE ,0.833333333,11.254,0,0,136.6604,143.0464,8.9404,15.3264
7331,42,1,0,CASADO,45,1,338,1,7.521,16.81666667,-0.5748772,107.34,1,AYUDANTE ,0.5,7.904,59,13.66373321,114.8538,120.2208,7.5138,12.8808
7774,24,1,0,CASADO,87,1,109,1,7.071,15.33333333,1.433000778,107.34,1,AYUDANTE ,1,64.982,0,0,114.8538,120.2208,7.5138,12.8808
7851,39,1,0,SOLTERO,51,1,56,1,7.683,25.61666667,0.104108935,107.34,1,AYUDANTE ,0.833333333,7.683,41,10.575187,114.8538,120.2208,7.5138,12.8808
7867,38,0,1,SOLTERO,87,1,2,1,#N/A,#N/A,#N/A,120.58,1,AYUDANTE ,0,16.119,0,NA,129.0206,135.0496,8.4406,14.4696
8050,36,0,1,SOLTERO,50,1,28,1,15.915,24.38333333,-0.889742573,160.97,2,COCINERO,0.333333333,15.915,41,36.0915493,172.2379,180.2864,11.2679,19.3164
8051,21,0,1,SOLTERO,88,1,12,1,8.545,19.83333333,0.325499051,107.34,1,AYUDANTE ,0.833333333,10.183,0,0,114.8538,120.2208,7.5138,12.8808
8094,22,0,1,SOLTERO,50,1,10,1,24.197,32.18333333,0.512970309,160.97,2,COCINERO,0.833333333,24.197,0,0,172.2379,180.2864,11.2679,19.3164
3652,56,0,1,CASADO,81,1,987,1,15.372,26.06666667,-0.741870809,259.42,3,ENCARGADO,0.333333333,12.342,0,0,277.5794,290.5504,18.1594,31.1304
4044,52,1,0,CASADO,50,1,182,1,21.952,30.35,-0.398167917,169.38,2,COCINERO,0.5,21.952,0,0,181.2366,189.7056,11.8566,20.3256
7593,31,1,0,SOLTERO,45,1,424,1,3.987,8.333333333,-1.041605202,113.45,1,AYUDANTE ,0.166666667,3.987,21,6.060606061,121.3915,127.064,7.9415,13.614
8000,49,1,0,CASADO,37,1,13,1,4.588,15.88333333,-1.27405292,107.34,1,AYUDANTE ,0.166666667,4.588,8,5.416384563,114.8538,120.2208,7.5138,12.8808
7959,42,1,0,SOLTERO,4,1,125,1,5.668,17.8,-0.539218696,107.34,1,AYUDANTE ,0.5,5.668,0,0,114.8538,120.2208,7.5138,12.8808
8013,28,1,0,SOLTERO,52,1,7,1,6.744,15.1,-0.70342869,107.34,1,AYUDANTE ,0.333333333,6.278,12,4.66562986,114.8538,120.2208,7.5138,12.8808
8016,22,1,0,SOLTERO,25,1,47,1,15.979,36.31666667,-0.928962406,107.34,1,AYUDANTE ,0.333333333,15.979,0,0,114.8538,120.2208,7.5138,12.8808
8085,27,1,0,SOLTERO,52,1,35,1,5.816,18.61666667,1.427937821,107.34,1,AYUDANTE ,1,5.816,1,2.808988764,114.8538,120.2208,7.5138,12.8808
8040,25,1,0,SOLTERO,25,1,14,1,5.087,16.63333333,-0.189419712,107.34,1,AYUDANTE ,0.5,5.087,0,0,114.8538,120.2208,7.5138,12.8808
7903,34,1,0,SOLTERO,85,1,14,1,2.37,6.983333333,NA,107.34,1,AYUDANTE ,0,2.37,0,NA,114.8538,120.2208,7.5138,12.8808
8021,41,1,0,CASADO,68,1,28,1,2.135,8.183333333,-1.110210404,107.34,1,AYUDANTE ,0.166666667,2.135,19,8.731617647,114.8538,120.2208,7.5138,12.8808
8027,28,1,0,SOLTERO,50,1,106,1,9.232,27.91666667,-0.190770891,107.34,1,AYUDANTE ,0.5,9.232,40,7.847753581,114.8538,120.2208,7.5138,12.8808
7931,41,1,0,SOLTERO,83,1,9,1,12.021,28.16666667,0.168775942,107.34,1,AYUDANTE ,0.833333333,12.021,0,0,114.8538,120.2208,7.5138,12.8808
7865,38,1,0,CASADO,75,1,90,1,12.835,34.45,-0.5553239,107.34,1,AYUDANTE ,0.5,20.853,61,9.457364341,114.8538,120.2208,7.5138,12.8808
7986,31,1,0,SOLTERO,50,1,97,1,0.282,1.6,-0.897535364,107.34,1,AYUDANTE ,0.333333333,0.282,44,9.486847779,114.8538,120.2208,7.5138,12.8808
7998,31,1,0,SOLTERO,52,1,8,1,11.232,31.66666667,-0.095579282,107.34,1,AYUDANTE ,0.5,11.232,75,9.93509074,114.8538,120.2208,7.5138,12.8808
7916,30,1,0,SOLTERO,85,1,7,1,2.37,6.983333333,NA,107.34,1,AYUDANTE ,0,2.37,0,NA,114.8538,120.2208,7.5138,12.8808
8074,39,0,1,SOLTERO,50,1,26,1,6.763,20.23333333,-0.827359031,160.97,2,COCINERO,0.333333333,8.704,62,20.42833608,172.2379,180.2864,11.2679,19.3164
8022,37,1,0,SOLTERO,56,1,20,1,0.547,2.466666667,-0.331949494,107.34,1,AYUDANTE ,0.5,0.547,113,20.05679801,114.8538,120.2208,7.5138,12.8808
7866,39,1,0,SOLTERO,45,1,5,1,10.572,25.43333333,-0.731233958,107.34,1,AYUDANTE ,0.333333333,10.668,34,6.241968056,114.8538,120.2208,7.5138,12.8808
8073,23,1,0,CASADO,57,1,60,1,10.793,21.38333333,-0.948727792,107.34,1,AYUDANTE ,0.333333333,10.793,0,0,114.8538,120.2208,7.5138,12.8808
8142,40,0,1,CASADO,54,1,8,1,5.788,14.28333333,-1.02478601,107.34,1,AYUDANTE ,0.166666667,1.337,0,0,114.8538,120.2208,7.5138,12.8808
7312,47,1,0,CASADO,87,1,942,1,4.856,7.066666667,NA,120.58,1,AYUDANTE ,0,2.37,0,NA,129.0206,135.0496,8.4406,14.4696
7975,55,0,1,SOLTERO,83,1,66,1,32.054,52.18333333,-0.60939587,107.34,1,AYUDANTE ,0.5,41.486,0,0,114.8538,120.2208,7.5138,12.8808
8149,47,1,0,CASADO,73,1,7,1,8.92,31.6,-0.928962406,107.34,1,AYUDANTE ,0.333333333,8.92,0,0,114.8538,120.2208,7.5138,12.8808
7737,56,1,0,SOLTERO,87,1,245,1,4.94,6.433333333,NA,113.45,1,AYUDANTE ,0,4.94,0,NA,121.3915,127.064,7.9415,13.614
4008,37,1,0,SOLTERO,50,1,28,1,25.906,57.1,0.237539953,269.61,3,ENCARGADO,0.833333333,26.03,49,12.12571146,288.4827,301.9632,18.8727,32.3532
6210,52,0,1,SOLTERO,7,1,1508,1,9.469,22.76666667,-0.678220973,113.45,1,AYUDANTE ,0.333333333,26.882,43,12.36698303,121.3915,127.064,7.9415,13.614
6213,49,0,1,SOLTERO,83,1,167,1,0.803,2.516666667,-0.764763636,127.72,1,AYUDANTE ,0.333333333,0.803,0,0,136.6604,143.0464,8.9404,15.3264
8096,48,1,0,SOLTERO,50,1,5,1,5.165,13.53333333,-0.646026855,107.34,1,AYUDANTE ,0.333333333,5.165,83,21.16806937,114.8538,120.2208,7.5138,12.8808
7997,23,1,0,SOLTERO,74,1,14,1,13.544,20.33333333,-0.900912665,107.34,1,AYUDANTE ,0.333333333,11.686,162,31.05828221,114.8538,120.2208,7.5138,12.8808
7812,45,1,0,CASADO,66,1,88,1,9.134,18.01666667,0.940187573,107.34,1,AYUDANTE ,0.833333333,9.134,0,0,114.8538,120.2208,7.5138,12.8808
8114,22,1,0,SOLTERO,81,1,6,1,5.425,17.11666667,-0.302646161,107.34,1,AYUDANTE ,0.5,5.425,177,220.1492537,114.8538,120.2208,7.5138,12.8808
8070,24,1,0,SOLTERO,37,1,8,1,6.618,21.73333333,-0.190770891,107.34,1,AYUDANTE ,0.5,6.618,40,7.847753581,114.8538,120.2208,7.5138,12.8808
8097,36,1,0,SOLTERO,82,1,11,1,5.307,15.06666667,0.003863291,107.34,1,AYUDANTE ,0.5,5.307,0,0,114.8538,120.2208,7.5138,12.8808
8065,25,1,0,SOLTERO,37,1,25,1,10.361,21.93333333,-1.036197855,107.34,1,AYUDANTE ,0.166666667,10.361,10,4.103405827,114.8538,120.2208,7.5138,12.8808
7430,33,1,0,CASADO,85,1,692,1,#N/A,#N/A,#N/A,245.73,3,GERENTE ,0,9.964,0,NA,262.9311,275.2176,17.2011,29.4876
7655,42,0,1,SOLTERO,74,1,523,1,13.484,20.88333333,-0.373295921,113.45,1,AYUDANTE ,0.5,11.627,46,11.69590643,121.3915,127.064,7.9415,13.614
7919,35,0,1,SOLTERO,50,1,7,1,16.992,38.63333333,-0.355026246,243.87,3,SUPERVISOR,0.5,16.992,20,7.996801279,260.9409,273.1344,17.0709,29.2644
7858,61,1,0,VIUDO,50,1,14,1,1.797,7.533333333,-0.505153413,107.34,1,AYUDANTE ,0.5,1.797,0,0,114.8538,120.2208,7.5138,12.8808
8126,24,1,0,SOLTERO,5,1,10,1,2.591,7.95,-1.110210404,107.34,1,AYUDANTE ,0.166666667,2.591,19,8.731617647,114.8538,120.2208,7.5138,12.8808
7057,46,1,0,SOLTERO,50,1,995,1,7.79,20.41666667,-0.290766334,113.45,1,AYUDANTE ,0.5,7.79,0,0,121.3915,127.064,7.9415,13.614
4746,46,1,0,SOLTERO,81,1,749,1,#N/A,#N/A,#N/A,160.97,2,COCINERO,0,57.968,0,NA,172.2379,180.2864,11.2679,19.3164
7934,19,0,1,SOLTERO,8,1,18,1,29.939,62.48333333,0.344383894,107.34,1,AYUDANTE ,0.833333333,30.758,27,7.848837209,114.8538,120.2208,7.5138,12.8808
7407,33,1,0,SOLTERO,68,1,650,1,4.271,15.8,-0.731233958,113.45,1,AYUDANTE ,0.333333333,4.271,34,6.241968056,121.3915,127.064,7.9415,13.614
7828,32,1,0,CASADO,87,1,115,1,#N/A,#N/A,#N/A,120.58,1,AYUDANTE ,0,85.137,0,NA,129.0206,135.0496,8.4406,14.4696
8093,46,1,0,SOLTERO,57,1,66,1,23.231,44.58333333,-0.830145074,107.34,1,AYUDANTE ,0.333333333,23.811,34,9.436580627,114.8538,120.2208,7.5138,12.8808
7964,40,1,0,SOLTERO,81,1,14,1,14.688,24.86666667,-0.882658273,107.34,1,AYUDANTE ,0.333333333,14.688,0,0,114.8538,120.2208,7.5138,12.8808
8010,35,0,1,SOLTERO,8,1,24,1,22.823,37.78333333,-0.557084925,107.34,1,AYUDANTE ,0.5,22.823,0,0,114.8538,120.2208,7.5138,12.8808
8075,35,1,0,SOLTERO,59,1,25,1,10.234,14.85,0.248881712,107.34,1,AYUDANTE ,0.833333333,10.234,0,0,114.8538,120.2208,7.5138,12.8808
8045,27,1,0,SOLTERO,51,1,4,1,10.869,22.48333333,-0.62139875,107.34,1,AYUDANTE ,0.5,10.869,672,454.9763033,114.8538,120.2208,7.5138,12.8808
7839,31,1,0,SOLTERO,52,1,107,1,12.468,28.68333333,-0.61246988,284.93,3,SUPERVISOR,0.5,12.468,0,0,304.8751,319.1216,19.9451,34.1916
7922,42,1,0,CASADO,85,1,20,1,4.979,11.85,-0.943428472,107.34,1,AYUDANTE ,0.333333333,4.979,0,0,114.8538,120.2208,7.5138,12.8808
8064,19,1,0,SOLTERO,59,1,10,1,4.509,6.283333333,NA,107.34,1,AYUDANTE ,0,4.509,0,NA,114.8538,120.2208,7.5138,12.8808
7912,38,0,1,SOLTERO,50,1,31,1,1.797,7.533333333,-0.505153413,160.97,2,COCINERO,0.5,1.797,0,0,172.2379,180.2864,11.2679,19.3164
8061,52,0,1,SOLTERO,52,1,53,1,3.928,11.45,-0.953826807,107.34,1,AYUDANTE ,0.333333333,3.928,13,9.767092412,114.8538,120.2208,7.5138,12.8808
7933,20,1,0,SOLTERO,74,1,12,1,35.253,49.28333333,1.016323045,107.34,1,AYUDANTE ,0.833333333,32.118,0,0,114.8538,120.2208,7.5138,12.8808
7742,24,0,1,SOLTERO,81,1,279,1,15.778,34.78333333,-0.669338342,113.45,1,AYUDANTE ,0.333333333,20.545,32,7.570380885,121.3915,127.064,7.9415,13.614
8102,26,0,1,SOLTERO,5,1,33,1,1.584,6.95,-0.643511185,107.34,1,AYUDANTE ,0.333333333,1.584,33,7.354579897,114.8538,120.2208,7.5138,12.8808
5636,27,1,0,SOLTERO,74,1,13,1,15.519,23.66666667,-0.522717536,107.34,1,AYUDANTE ,0.5,13.661,58,29.1603821,114.8538,120.2208,7.5138,12.8808
7883,33,1,0,CASADO,87,1,133,1,5.102,8.5,-1.306287636,120.58,1,AYUDANTE ,0.166666667,5.102,0,0,129.0206,135.0496,8.4406,14.4696
8140,25,1,0,SOLTERO,51,1,14,1,7.496,21.01666667,-0.290766334,107.34,1,AYUDANTE ,0.5,7.496,0,0,114.8538,120.2208,7.5138,12.8808
8006,19,1,0,SOLTERO,88,1,12,1,7.907,18.26666667,0.603855143,107.34,1,AYUDANTE ,0.833333333,9.583,0,0,114.8538,120.2208,7.5138,12.8808
7968,40,1,0,CASADO,50,1,7,1,10.424,27.16666667,-0.058774519,107.34,1,AYUDANTE ,0.5,10.424,32,6.397441024,114.8538,120.2208,7.5138,12.8808
7894,28,0,1,SOLTERO,5,1,35,1,23.538,32.43333333,-0.613346458,107.34,1,AYUDANTE ,0.5,26.689,73,11.19975453,114.8538,120.2208,7.5138,12.8808
7853,22,0,1,SOLTERO,50,1,56,1,4.536,11.85,-1.015782277,107.34,1,AYUDANTE ,0.166666667,4.536,0,0,114.8538,120.2208,7.5138,12.8808
8017,30,1,0,SOLTERO,81,1,91,1,3.312,12.71666667,-1.01981691,107.34,1,AYUDANTE ,0.166666667,4.121,38,16.81415929,114.8538,120.2208,7.5138,12.8808
7694,27,1,0,SOLTERO,50,1,201,1,10.038,26.51666667,-0.192534208,107.34,1,AYUDANTE ,0.5,10.038,33,9.827278142,114.8538,120.2208,7.5138,12.8808
8121,24,0,1,SOLTERO,56,1,6,1,6.382,23.25,-0.915517289,107.34,1,AYUDANTE ,0.333333333,6.382,4,1.560671089,114.8538,120.2208,7.5138,12.8808
7752,24,1,0,SOLTERO,50,1,120,1,11.889,15.63333333,0.357540102,107.34,1,AYUDANTE ,0.833333333,11.889,0,0,114.8538,120.2208,7.5138,12.8808
6657,41,1,0,SOLTERO,85,1,89,1,10.952,15.25,NA,120.58,1,AYUDANTE ,0,10.952,0,NA,129.0206,135.0496,8.4406,14.4696
7915,54,1,0,SOLTERO,66,1,98,1,4.831,8.933333333,NA,107.34,1,AYUDANTE ,0,4.831,0,NA,114.8538,120.2208,7.5138,12.8808
7925,36,0,1,SOLTERO,79,1,126,1,2.482,7.816666667,-0.090908055,160.97,2,COCINERO,0.5,2.482,0,0,172.2379,180.2864,11.2679,19.3164
8002,35,1,0,CASADO,45,1,4,1,23.391,32.16666667,-0.264079931,107.34,1,AYUDANTE ,0.5,19.945,0,0,114.8538,120.2208,7.5138,12.8808
7878,46,1,0,SOLTERO,56,1,106,1,0.64,3.083333333,-0.348484914,107.34,1,AYUDANTE ,0.5,0.64,45,11.55624037,114.8538,120.2208,7.5138,12.8808
8119,39,1,0,CASADO,57,1,13,1,15.448,28.41666667,1.49984229,107.34,1,AYUDANTE ,1,15.448,0,0,114.8538,120.2208,7.5138,12.8808
7960,20,1,0,SOLTERO,50,1,56,1,16.562,25,-1.040562879,107.34,1,AYUDANTE ,0.166666667,16.562,47,9.94288132,114.8538,120.2208,7.5138,12.8808
7940,22,1,0,SOLTERO,4,1,2,1,6,18.73333333,0.003863291,107.34,1,AYUDANTE ,0.5,6,0,0,114.8538,120.2208,7.5138,12.8808
7861,50,1,0,CASADO,85,1,8,1,7.083,18.73333333,1.433000778,120.58,1,AYUDANTE ,1,7.083,0,0,129.0206,135.0496,8.4406,14.4696
7901,34,1,0,CASADO,76,1,53,1,21.996,22,-0.238416174,107.34,1,AYUDANTE ,0.5,21.996,0,0,114.8538,120.2208,7.5138,12.8808
8090,26,1,0,SOLTERO,5,1,11,1,19.968,43.56666667,0.453320424,107.34,1,AYUDANTE ,0.833333333,18.774,0,0,114.8538,120.2208,7.5138,12.8808
8120,28,0,1,SOLTERO,81,1,6,1,3.837,14.26666667,-0.91798403,107.34,1,AYUDANTE ,0.333333333,3.837,6,3.307607497,114.8538,120.2208,7.5138,12.8808
4233,46,1,0,CASADO,5,1,11,1,3.234,8.683333333,-0.353777804,107.34,1,AYUDANTE ,0.5,5.009,78,14.8940233,114.8538,120.2208,7.5138,12.8808
7786,28,0,1,SOLTERO,80,1,14,1,6.96,22.31666667,-0.894767756,107.34,1,AYUDANTE ,0.333333333,6.96,63,15.58634339,114.8538,120.2208,7.5138,12.8808
7971,32,1,0,CASADO,87,1,25,1,8.648,20.46666667,1.433000778,107.34,1,AYUDANTE ,1,12.345,0,0,114.8538,120.2208,7.5138,12.8808
7980,26,0,1,SOLTERO,50,1,15,1,15.915,24.38333333,-0.889742573,160.97,2,COCINERO,0.333333333,15.915,41,36.0915493,172.2379,180.2864,11.2679,19.3164
8115,22,0,1,SOLTERO,5,1,36,1,43.618,55.91666667,-0.6998975,107.34,1,AYUDANTE ,0.333333333,42.691,0,0,114.8538,120.2208,7.5138,12.8808
7946,36,0,1,SOLTERO,50,1,3,1,8.387,26.06666667,-0.751798637,107.34,1,AYUDANTE ,0.333333333,15.118,142,51.93855157,114.8538,120.2208,7.5138,12.8808
8058,36,1,0,SOLTERO,74,1,20,1,9.104,24.76666667,-0.921767698,107.34,1,AYUDANTE ,0.333333333,10.256,45,17.08428246,114.8538,120.2208,7.5138,12.8808
8032,30,1,0,SOLTERO,59,1,1,1,4.509,6.283333333,NA,107.34,1,AYUDANTE ,0,4.509,0,NA,114.8538,120.2208,7.5138,12.8808
7935,42,0,1,CASADO,88,1,52,1,5.28,10.53333333,-1.323344062,107.34,1,AYUDANTE ,0.166666667,5.28,11,5.632360471,114.8538,120.2208,7.5138,12.8808
7988,43,0,1,CASADO,50,1,12,1,7.68,22.2,-0.994726003,107.34,1,AYUDANTE ,0.166666667,7.978,16,3.984063745,114.8538,120.2208,7.5138,12.8808
3160,54,1,0,SOLTERO,74,1,95,1,11.688,23.4,-1.236373002,107.34,1,AYUDANTE ,0.166666667,11.688,57,12.2212693,114.8538,120.2208,7.5138,12.8808
7843,50,1,0,CASADO,45,1,14,1,24.368,34.83333333,0.281043572,107.34,1,AYUDANTE ,0.833333333,24.87,0,0,114.8538,120.2208,7.5138,12.8808
7972,33,1,0,CASADO,81,1,6,1,8.578,25.93333333,-0.600096571,107.34,1,AYUDANTE ,0.5,8.578,25,14.52643812,114.8538,120.2208,7.5138,12.8808
8087,36,1,0,SOLTERO,6,1,5,1,NA,NA,-0.585704944,107.34,1,AYUDANTE ,0.5,20.129,45,9.068923821,114.8538,120.2208,7.5138,12.8808
7904,24,1,0,CASADO,50,1,14,1,6.936,20.18333333,0.063923857,107.34,1,AYUDANTE ,0.833333333,7.234,45,12.77683135,114.8538,120.2208,7.5138,12.8808
7945,54,1,0,CASADO,50,1,4,1,12.408,28.16666667,-0.63715994,107.34,1,AYUDANTE ,0.333333333,12.408,36,12.90322581,114.8538,120.2208,7.5138,12.8808
7881,37,1,0,CASADO,45,1,10,1,21.608,44.2,-0.757495231,107.34,1,AYUDANTE ,0.333333333,22.114,36,23.79378718,114.8538,120.2208,7.5138,12.8808
6504,53,1,0,SOLTERO,76,1,1399,1,#N/A,#N/A,#N/A,107.34,1,AYUDANTE ,0,11.491,0,NA,114.8538,120.2208,7.5138,12.8808
7842,51,0,1,SOLTERO,5,1,23,1,1.541,5.116666667,-0.900912665,107.34,1,AYUDANTE ,0.333333333,1.541,162,31.05828221,114.8538,120.2208,7.5138,12.8808
7905,32,0,1,SOLTERO,85,1,72,1,10.952,15.25,NA,107.34,1,AYUDANTE ,0,10.952,0,NA,114.8538,120.2208,7.5138,12.8808
7936,39,0,1,VIUDO,85,1,21,1,3.412,8.65,NA,107.34,1,AYUDANTE ,0,3.412,0,NA,114.8538,120.2208,7.5138,12.8808
7801,31,0,1,SOLTERO,79,1,256,1,6.225,20.51666667,0.551433575,107.34,1,AYUDANTE ,0.833333333,6.225,0,0,114.8538,120.2208,7.5138,12.8808
7604,40,1,0,CASADO,52,1,389,1,7.977,17.31666667,-0.877748757,113.45,1,AYUDANTE ,0.333333333,6.319,3,1.426533524,121.3915,127.064,7.9415,13.614
7918,23,1,0,SOLTERO,85,1,68,1,2.637,3.683333333,-0.942128708,107.34,1,AYUDANTE ,0.333333333,2.637,0,0,114.8538,120.2208,7.5138,12.8808
8158,36,1,0,CASADO,87,1,7,1,#N/A,#N/A,#N/A,107.34,1,AYUDANTE ,0,4.745,0,NA,114.8538,120.2208,7.5138,12.8808
8098,27,1,0,SOLTERO,81,1,11,1,9.346,23.51666667,-1.015782277,107.34,1,AYUDANTE ,0.166666667,7.142,0,0,114.8538,120.2208,7.5138,12.8808
7061,45,1,0,SOLTERO,61,1,433,1,14.702,27.51666667,0.043718756,146.35,1,COCINERO,0.5,14.29,0,0,156.5945,163.912,10.2445,17.562
8028,55,1,0,SOLTERO,81,1,7,1,4.407,17.11666667,-0.659844412,107.34,1,AYUDANTE ,0.333333333,4.407,104,10.13151486,114.8538,120.2208,7.5138,12.8808
7805,47,1,0,SOLTERO,50,1,83,1,31.495,46.55,-0.779367099,151.19,2,COCINERO,0.333333333,36.495,0,0,161.7733,169.3328,10.5833,18.1428
7847,46,1,0,SOLTERO,81,1,264,1,#N/A,#N/A,#N/A,107.34,1,AYUDANTE ,0,35.249,0,NA,114.8538,120.2208,7.5138,12.8808
8082,22,1,0,SOLTERO,51,1,50,1,5.698,16.98333333,0.063923857,107.34,1,AYUDANTE ,0.833333333,5.698,45,12.77683135,114.8538,120.2208,7.5138,12.8808
8127,31,0,1,SOLTERO,56,1,10,1,1.555,5.933333333,-1.320360155,107.34,1,AYUDANTE ,0.166666667,1.555,0,0,114.8538,120.2208,7.5138,12.8808
7884,30,0,1,SOLTERO,87,1,37,1,16.47,29.71666667,NA,428.63,5,GERENTE ,0,16.47,0,NA,458.6341,480.0656,30.0041,51.4356
7941,38,1,0,CASADO,50,1,5,1,10.038,26.51666667,-0.192534208,107.34,1,AYUDANTE ,0.5,10.038,33,9.827278142,114.8538,120.2208,7.5138,12.8808
8122,25,1,0,SOLTERO,73,1,3,1,9.623,31.98333333,0.617444679,107.34,1,AYUDANTE ,0.833333333,9.623,0,0,114.8538,120.2208,7.5138,12.8808
7428,25,1,0,SOLTERO,72,1,585,1,11.985,31.08333333,-0.930703887,107.34,1,AYUDANTE ,0.333333333,11.985,0,0,114.8538,120.2208,7.5138,12.8808
8095,39,1,0,SOLTERO,5,1,28,1,2.47,7.9,-0.843419861,107.34,1,AYUDANTE ,0.333333333,2.47,35,13.76327173,114.8538,120.2208,7.5138,12.8808
7999,22,1,0,SOLTERO,81,1,6,1,13.625,31.65,-0.63715994,107.34,1,AYUDANTE ,0.333333333,13.625,36,12.90322581,114.8538,120.2208,7.5138,12.8808
7835,31,1,0,CASADO,86,1,15,1,49.416,46.65,0.171905996,120.58,1,AYUDANTE ,0.833333333,49.474,0,0,129.0206,135.0496,8.4406,14.4696
7906,30,1,0,SOLTERO,45,1,74,1,15.941,30.88333333,-0.378486095,428.63,5,GERENTE ,0.5,16.447,3,1.062322946,458.6341,480.0656,30.0041,51.4356
7811,25,0,1,SOLTERO,86,1,41,1,61.195,52.53333333,-0.316170388,107.34,1,AYUDANTE ,0.5,61.195,0,0,114.8538,120.2208,7.5138,12.8808
7871,28,0,1,SOLTERO,8,1,39,1,25.691,45.16666667,-0.138067565,107.34,1,AYUDANTE ,0.5,19.433,0,0,114.8538,120.2208,7.5138,12.8808
6052,29,0,1,SOLTERO,56,1,9,1,3.594,10.15,-1.093415691,160.97,2,COCINERO,0.166666667,3.594,8,3.078106964,172.2379,180.2864,11.2679,19.3164
8037,22,0,1,SOLTERO,83,1,31,1,3.648,8.533333333,-0.601216023,107.34,1,AYUDANTE ,0.5,3.648,0,0,114.8538,120.2208,7.5138,12.8808
7139,33,0,1,SOLTERO,73,1,5,1,15.193,35.23333333,-0.743247184,107.34,1,AYUDANTE ,0.333333333,15.193,0,0,114.8538,120.2208,7.5138,12.8808
7558,45,0,1,SOLTERO,5,1,446,1,5.913,14.41666667,-1.311196355,113.45,1,AYUDANTE ,0.166666667,5.913,139,68.27111984,121.3915,127.064,7.9415,13.614
6360,61,0,1,SOLTERO,52,1,146,1,2.478,8.583333333,0.113418979,113.45,1,AYUDANTE ,0.833333333,2.478,49,7.790143084,121.3915,127.064,7.9415,13.614
7981,22,0,1,SOLTERO,88,1,18,1,7.907,18.26666667,0.603855143,107.34,1,AYUDANTE ,0.833333333,9.583,0,0,114.8538,120.2208,7.5138,12.8808
7955,37,1,0,CASADO,85,1,1,1,#N/A,#N/A,#N/A,107.34,1,AYUDANTE ,0,14.514,0,0,114.8538,120.2208,7.5138,12.8808
7706,38,0,1,SOLTERO,85,1,218,1,5.994,19.55,-0.964514662,107.34,1,AYUDANTE ,0.166666667,5.994,0,0,114.8538,120.2208,7.5138,12.8808
5139,37,0,1,SOLTERO,76,1,1395,1,8.76,21.71666667,0.616741977,262.4,3,SUPERVISOR,0.833333333,8.76,0,0,280.768,293.888,18.368,31.488
7921,30,0,1,SOLTERO,50,1,53,1,8.761,22.26666667,-0.578010666,107.34,1,AYUDANTE ,0.5,8.761,68,14.64570321,114.8538,120.2208,7.5138,12.8808
8046,24,1,0,SOLTERO,81,1,10,1,20.168,35.95,-0.658305595,107.34,1,AYUDANTE ,0.333333333,20.168,68,11.85908615,114.8538,120.2208,7.5138,12.8808
7982,32,1,0,CASADO,88,1,109,1,8.69,20.15,0.551433575,160.97,2,COCINERO,0.833333333,8.69,0,0,172.2379,180.2864,11.2679,19.3164
5746,38,0,1,SOLTERO,82,1,27,1,12.597,24.41666667,-0.310672705,107.34,1,AYUDANTE ,0.5,12.597,0,0,114.8538,120.2208,7.5138,12.8808
7888,43,0,1,SOLTERO,50,1,24,1,6.245,18.13333333,-1.104255904,107.34,1,AYUDANTE ,0.166666667,6.245,20,6.140620203,114.8538,120.2208,7.5138,12.8808
7913,52,0,1,CASADO,56,1,90,1,3.594,10.15,-1.093415691,107.34,1,AYUDANTE ,0.166666667,3.594,8,3.078106964,114.8538,120.2208,7.5138,12.8808
7819,28,0,1,SOLTERO,80,1,29,1,17.678,39.01666667,0.588420715,107.34,1,AYUDANTE ,0.833333333,17.678,0,0,114.8538,120.2208,7.5138,12.8808
7756,24,1,0,SOLTERO,66,1,66,1,#N/A,#N/A,#N/A,120.58,1,AYUDANTE ,0,20.082,0,NA,129.0206,135.0496,8.4406,14.4696
7978,48,1,0,CASADO,45,1,1,1,9.381,23.23333333,-0.5748772,107.34,1,AYUDANTE ,0.5,7.904,59,13.66373321,114.8538,120.2208,7.5138,12.8808
7759,24,1,0,SOLTERO,56,1,111,1,6.625,24.28333333,-0.915517289,107.34,1,AYUDANTE ,0.333333333,6.625,4,1.560671089,114.8538,120.2208,7.5138,12.8808
8033,31,1,0,SOLTERO,3,1,62,1,4.187,12.31666667,0.040606422,107.34,1,AYUDANTE ,0.5,4.187,52,6.250751292,114.8538,120.2208,7.5138,12.8808
8080,28,0,1,CASADO,50,1,34,1,10.066,31.88333333,-1.205287074,107.34,1,AYUDANTE ,0.166666667,10.364,51,13.10380267,114.8538,120.2208,7.5138,12.8808
7992,30,1,0,SOLTERO,50,1,26,1,4.489,11.46666667,-0.547124481,107.34,1,AYUDANTE ,0.5,4.489,57,23.34152334,114.8538,120.2208,7.5138,12.8808
7969,28,0,1,SOLTERO,85,1,25,1,5.994,19.55,-0.964514662,107.34,1,AYUDANTE ,0.166666667,5.994,0,0,114.8538,120.2208,7.5138,12.8808
7949,27,1,0,SOLTERO,52,1,64,1,2.037,5.75,0.449771699,107.34,1,AYUDANTE ,0.833333333,2.037,8,3.098373354,114.8538,120.2208,7.5138,12.8808
7791,27,1,0,SOLTERO,45,1,120,1,24.199,44.88333333,-0.960196619,107.34,1,AYUDANTE ,0.166666667,37.02,0,0,114.8538,120.2208,7.5138,12.8808
7993,33,1,0,SOLTERO,73,1,98,1,15.697,36.36666667,0.70246458,107.34,1,AYUDANTE ,0.833333333,15.697,0,0,114.8538,120.2208,7.5138,12.8808
7958,29,1,0,SOLTERO,50,1,31,1,1.797,7.533333333,-0.505153413,107.34,1,AYUDANTE ,0.5,1.797,0,0,114.8538,120.2208,7.5138,12.8808
8055,19,1,0,SOLTERO,52,1,21,1,#N/A,#N/A,#N/A,107.34,1,AYUDANTE ,0,10.662,0,NA,114.8538,120.2208,7.5138,12.8808
7838,53,1,0,SOLTERO,54,1,17,1,13.761,30.9,0.113224909,127.72,1,AYUDANTE ,0.833333333,12.132,0,0,136.6604,143.0464,8.9404,15.3264
7895,55,1,0,CASADO,85,1,11,1,5.213,9.733333333,-1.020743625,120.58,1,AYUDANTE ,0.166666667,5.213,0,0,129.0206,135.0496,8.4406,14.4696
7798,42,1,0,SOLTERO,50,1,63,1,21.905,38.66666667,-0.973409215,186.78,2,COCINERO,0.166666667,25.554,0,0,199.8546,209.1936,13.0746,22.4136
7750,20,0,1,SOLTERO,50,1,122,1,10.066,31.88333333,-1.205287074,107.34,1,AYUDANTE ,0.166666667,10.364,51,13.10380267,114.8538,120.2208,7.5138,12.8808
8136,19,1,0,SOLTERO,81,1,12,1,12.036,38.85,-0.215983891,107.34,1,AYUDANTE ,0.5,12.036,34,9.513150532,114.8538,120.2208,7.5138,12.8808
7985,37,1,0,SOLTERO,4,1,62,1,7.787,16.31666667,-0.536756599,107.34,1,AYUDANTE ,0.5,7.787,0,0,114.8538,120.2208,7.5138,12.8808
7962,43,1,0,CASADO,85,1,19,1,4.897,8.883333333,-1.242853728,107.34,1,AYUDANTE ,0.166666667,4.897,0,0,114.8538,120.2208,7.5138,12.8808
8109,35,1,0,SOLTERO,82,1,5,1,5.331,12.48333333,-0.539218696,107.34,1,AYUDANTE ,0.5,5.331,0,0,114.8538,120.2208,7.5138,12.8808
7852,44,1,0,CASADO,80,1,35,1,5.508,17.88333333,-0.368591672,107.34,1,AYUDANTE ,0.5,5.508,0,0,114.8538,120.2208,7.5138,12.8808
7833,44,1,0,SOLTERO,80,1,41,1,6.619,19.76666667,-0.677196265,107.34,1,AYUDANTE ,0.333333333,6.619,85,12.34030197,114.8538,120.2208,7.5138,12.8808
6978,51,1,0,SOLTERO,76,1,937,1,9.123,17.25,-0.378000565,107.34,1,AYUDANTE ,0.5,9.123,0,0,114.8538,120.2208,7.5138,12.8808
7882,20,1,0,SOLTERO,81,1,122,1,9.748,17.78333333,-1.051104503,107.34,1,AYUDANTE ,0.166666667,9.748,0,0,114.8538,120.2208,7.5138,12.8808
7954,46,1,0,CASADO,85,1,1,1,9.894,14.15,NA,107.34,1,AYUDANTE ,0,9.894,0,NA,114.8538,120.2208,7.5138,12.8808
8043,42,1,0,VIUDO,79,1,90,1,4.219,13.35,-0.01397584,107.34,1,AYUDANTE ,0.5,4.219,0,0,114.8538,120.2208,7.5138,12.8808
5679,47,1,0,SOLTERO,87,1,2093,1,#N/A,#N/A,#N/A,176.52,2,COCINERO,0,22.881,0,NA,188.8764,197.7024,12.3564,21.1824
7892,34,1,0,SOLTERO,82,1,126,1,5.583,11.53333333,0.041472854,127.72,1,AYUDANTE ,0.5,5.583,0,0,136.6604,143.0464,8.9404,15.3264
8128,32,0,1,SOLTERO,45,1,28,1,9.752,27.75,-0.568768675,107.34,1,AYUDANTE ,0.5,10.69,146,NA,114.8538,120.2208,7.5138,12.8808
6459,51,0,1,CASADO,83,1,6,1,0.803,2.516666667,-0.764763636,107.34,1,AYUDANTE ,0.333333333,0.803,0,0,114.8538,120.2208,7.5138,12.8808
7908,25,0,1,CASADO,85,1,6,1,3.412,8.65,NA,107.34,1,AYUDANTE ,0,3.412,0,NA,114.8538,120.2208,7.5138,12.8808
7731,42,1,0,SOLTERO,37,1,184,1,7.717,23.71666667,0.071652283,107.34,1,AYUDANTE ,0.833333333,6.412,5,0.392526299,114.8538,120.2208,7.5138,12.8808
7753,46,1,0,SOLTERO,83,1,230,1,6.049,19.65,-0.290766334,127.72,1,AYUDANTE ,0.5,6.049,0,0,136.6604,143.0464,8.9404,15.3264
8038,46,1,0,CASADO,59,1,9,1,9.314,11.65,0.808416604,107.34,1,AYUDANTE ,0.833333333,9.314,0,0,114.8538,120.2208,7.5138,12.8808
7741,49,1,0,CASADO,25,1,294,1,12.038,27.66666667,0.610341841,113.45,1,AYUDANTE ,0.833333333,12.038,0,0,121.3915,127.064,7.9415,13.614
7269,50,1,0,SOLTERO,68,1,739,1,26.242,44.8,0.177450321,107.34,1,AYUDANTE ,0.833333333,26.242,0,0,114.8538,120.2208,7.5138,12.8808
7844,55,1,0,SOLTERO,76,1,44,1,5.877,11.9,0.090661486,107.34,1,AYUDANTE ,0.833333333,5.877,0,0,114.8538,120.2208,7.5138,12.8808
7710,48,0,1,SOLTERO,85,1,11,1,2.37,6.983333333,NA,120.58,1,AYUDANTE ,0,2.37,0,NA,129.0206,135.0496,8.4406,14.4696
8014,23,0,1,SOLTERO,5,1,6,1,10.044,22.61666667,-0.61246988,107.34,1,AYUDANTE ,0.5,10.044,0,0,114.8538,120.2208,7.5138,12.8808
8035,53,0,1,CASADO,83,1,70,1,5.146,12.21666667,-0.311719176,107.34,1,AYUDANTE ,0.5,5.146,0,0,114.8538,120.2208,7.5138,12.8808
7876,26,0,1,CASADO,85,1,13,1,18.099,33.01666667,NA,120.58,1,AYUDANTE ,0,18.571,0,NA,129.0206,135.0496,8.4406,14.4696
4773,46,0,1,SOLTERO,50,1,31,1,9.734,29.68333333,-0.94734925,107.34,1,AYUDANTE ,0.333333333,14.49,33,10.04872107,114.8538,120.2208,7.5138,12.8808
8104,19,1,0,SOLTERO,88,1,7,1,#N/A,#N/A,#N/A,107.34,1,AYUDANTE ,0,8.223,0,NA,114.8538,120.2208,7.5138,12.8808
7920,27,1,0,SOLTERO,81,1,159,1,9.748,17.78333333,-1.051104503,107.34,1,AYUDANTE ,0.166666667,9.748,0,0,114.8538,120.2208,7.5138,12.8808
7990,50,1,0,SOLTERO,50,1,69,1,9.291,19.93333333,-0.820125668,107.34,1,AYUDANTE ,0.333333333,9.291,35,7.743362832,114.8538,120.2208,7.5138,12.8808
7856,44,1,0,CASADO,5,1,11,1,9.469,22.76666667,-0.678220973,107.34,1,AYUDANTE ,0.333333333,9.469,43,12.36698303,114.8538,120.2208,7.5138,12.8808
7938,46,1,0,CASADO,87,1,81,1,8.758,17.6,NA,107.34,1,AYUDANTE ,0,8.758,0,NA,114.8538,120.2208,7.5138,12.8808
7875,48,1,0,CASADO,50,1,39,1,0.282,1.6,-0.897535364,107.34,1,AYUDANTE ,0.333333333,0.282,44,9.486847779,114.8538,120.2208,7.5138,12.8808
236,58,1,0,SOLTERO,45,1,7353,1,23.391,32.16666667,-0.264079931,269.61,3,ENCARGADO,0.5,19.945,0,0,288.4827,301.9632,18.8727,32.3532
7932,53,1,0,VIUDO,52,1,152,1,6.751,20.76666667,-0.174045327,107.34,1,AYUDANTE ,0.5,6.851,28,7.713498623,114.8538,120.2208,7.5138,12.8808
7886,45,1,0,SOLTERO,56,1,33,1,5.416,19.56666667,-0.361735784,107.34,1,AYUDANTE ,0.5,5.416,40,13.34222815,114.8538,120.2208,7.5138,12.8808
7937,36,1,0,CASADO,87,1,39,1,2.308,4.616666667,NA,107.34,1,AYUDANTE ,0,2.308,0,NA,114.8538,120.2208,7.5138,12.8808
7723,25,1,0,CASADO,50,1,169,1,4.484,13.3,-0.97478415,107.34,1,AYUDANTE ,0.166666667,4.484,88,17.58241758,114.8538,120.2208,7.5138,12.8808
7927,47,1,0,SOLTERO,81,1,35,1,10.951,31.38333333,-1.067053405,107.34,1,AYUDANTE ,0.166666667,10.951,49,10.73619632,114.8538,120.2208,7.5138,12.8808
7877,46,1,0,CASADO,56,1,13,1,3.594,10.15,-1.093415691,107.34,1,AYUDANTE ,0.166666667,3.594,8,3.078106964,114.8538,120.2208,7.5138,12.8808
7911,42,1,0,SOLTERO,45,1,33,1,10.572,25.43333333,-0.731233958,107.34,1,AYUDANTE ,0.333333333,10.668,34,6.241968056,114.8538,120.2208,7.5138,12.8808
7874,39,1,0,SOLTERO,85,1,72,1,2.37,6.983333333,NA,120.58,1,AYUDANTE ,0,2.37,0,NA,129.0206,135.0496,8.4406,14.4696
7860,29,1,0,SOLTERO,85,1,20,1,7.083,18.73333333,1.433000778,120.58,1,AYUDANTE ,1,7.083,0,0,129.0206,135.0496,8.4406,14.4696
8059,23,1,0,SOLTERO,72,1,48,1,5.069,14.7,-0.158357017,107.34,1,AYUDANTE ,0.5,5.069,16,5.087440382,114.8538,120.2208,7.5138,12.8808
6832,44,1,0,SOLTERO,5,1,1185,1,1.559,5.3,-0.373295921,113.45,1,AYUDANTE ,0.5,1.559,46,11.69590643,121.3915,127.064,7.9415,13.614
8003,25,1,0,SOLTERO,81,1,14,1,17.145,30.78333333,0.109486937,107.34,1,AYUDANTE ,0.833333333,17.145,0,0,114.8538,120.2208,7.5138,12.8808
7956,30,1,0,SOLTERO,87,1,1,1,#N/A,#N/A,#N/A,107.34,1,AYUDANTE ,0,16.869,0,NA,114.8538,120.2208,7.5138,12.8808
7952,36,1,0,SOLTERO,45,1,26,1,7.521,16.81666667,-0.5748772,107.34,1,AYUDANTE ,0.5,7.904,59,13.66373321,114.8538,120.2208,7.5138,12.8808
6821,45,1,0,SOLTERO,25,1,1228,1,18.317,30.55,-0.9794659,152.59,2,COCINERO,0.166666667,18.317,0,0,163.2713,170.9008,10.6813,18.3108
8018,24,1,0,SOLTERO,52,1,107,1,22.644,48.63333333,0.472493436,145.32,1,COCINERO,0.833333333,21.065,0,0,155.4924,162.7584,10.1724,17.4384
7870,51,1,0,CASADO,50,1,3,1,1.797,7.533333333,-0.505153413,107.34,1,AYUDANTE ,0.5,1.797,0,0,114.8538,120.2208,7.5138,12.8808
7850,27,1,0,SOLTERO,52,1,59,1,1.632,5.533333333,-0.824603787,107.34,1,AYUDANTE ,0.333333333,1.632,7,3.448275862,114.8538,120.2208,7.5138,12.8808
7862,47,1,0,SOLTERO,85,1,15,1,3.29,8.85,NA,120.58,1,AYUDANTE ,0,3.29,0,NA,129.0206,135.0496,8.4406,14.4696
7930,40,1,0,SOLTERO,83,1,29,1,23.502,30.48333333,-0.176425777,107.34,1,AYUDANTE ,0.5,23.502,0,0,114.8538,120.2208,7.5138,12.8808
7947,49,1,0,CASADO,50,1,101,1,10.038,26.51666667,-0.192534208,107.34,1,AYUDANTE ,0.5,10.038,33,9.827278142,114.8538,120.2208,7.5138,12.8808
6379,47,1,0,SOLTERO,52,1,83,1,4.489,15.15,-0.103113051,107.34,1,AYUDANTE ,0.5,3.866,70,15.62151306,114.8538,120.2208,7.5138,12.8808
7104,46,1,0,SOLTERO,4,1,309,1,15.619,28.06666667,0.172689659,127.72,1,AYUDANTE ,0.833333333,14.263,0,0,136.6604,143.0464,8.9404,15.3264
7717,51,1,0,SOLTERO,5,1,404,1,8.489,23.4,-0.953826807,169.38,2,COCINERO,0.333333333,8.489,13,9.767092412,181.2366,189.7056,11.8566,20.3256
7775,30,1,0,SOLTERO,37,1,371,1,17.173,35.68333333,-1.040562879,107.34,1,AYUDANTE ,0.166666667,22.496,47,9.94288132,114.8538,120.2208,7.5138,12.8808
8025,48,1,0,CASADO,52,1,26,1,3.691,8.05,-0.078867714,107.34,1,AYUDANTE ,0.5,3.691,102,10.47227926,114.8538,120.2208,7.5138,12.8808
7783,35,1,0,CASADO,56,1,91,1,0.64,3.083333333,-0.348484914,145.32,1,COCINERO,0.5,0.64,45,11.55624037,155.4924,162.7584,10.1724,17.4384
7551,43,1,0,CASADO,88,1,449,1,10.344,22.16666667,1.352574696,146.35,1,COCINERO,1,8.438,0,0,156.5945,163.912,10.2445,17.562
7715,29,1,0,SOLTERO,52,1,297,1,12.519,34.16666667,0.115597876,113.45,1,AYUDANTE ,0.833333333,12.519,31,5.605786618,121.3915,127.064,7.9415,13.614
8110,29,1,0,SOLTERO,5,1,11,1,2.332,8.166666667,-0.585704944,107.34,1,AYUDANTE ,0.5,2.332,45,9.068923821,114.8538,120.2208,7.5138,12.8808
8089,22,1,0,SOLTERO,79,1,5,1,6.713,17.43333333,-0.148109343,107.34,1,AYUDANTE ,0.5,6.767,0,0,114.8538,120.2208,7.5138,12.8808
7976,27,0,1,SOLTERO,81,1,84,1,10.135,24.45,-1.180929007,107.34,1,AYUDANTE ,0.166666667,10.135,122,30.87825867,114.8538,120.2208,7.5138,12.8808
7899,46,1,0,SOLTERO,85,1,1,1,#N/A,#N/A,#N/A,120.58,1,AYUDANTE ,0,22.881,0,NA,129.0206,135.0496,8.4406,14.4696
4504,37,1,0,CASADO,52,1,690,1,20.882,42.26666667,0.574580733,284.27,3,HIGIENISTA,0.833333333,37.272,0,0,304.1689,318.3824,19.8989,34.1124
8041,39,1,0,SOLTERO,74,1,7,1,22.119,35.08333333,-0.078867714,107.34,1,AYUDANTE ,0.5,29.892,102,10.47227926,114.8538,120.2208,7.5138,12.8808
7995,39,1,0,SOLTERO,82,1,95,1,5.854,15.26666667,-0.003174284,107.34,1,AYUDANTE ,0.5,5.854,0,0,114.8538,120.2208,7.5138,12.8808
6321,46,1,0,SOLTERO,76,1,1488,1,#N/A,#N/A,#N/A,116.31,1,AYUDANTE ,0,11.491,0,NA,124.4517,130.2672,8.1417,13.9572
7880,49,1,0,SOLTERO,45,1,154,1,15.868,37.73333333,-0.953826807,107.34,1,AYUDANTE ,0.333333333,18.293,13,9.767092412,114.8538,120.2208,7.5138,12.8808
7854,27,0,1,SOLTERO,51,1,35,1,6.007,18.61666667,-0.368591672,107.34,1,AYUDANTE ,0.5,6.007,0,0,114.8538,120.2208,7.5138,12.8808
7902,34,0,1,CASADO,45,1,112,1,23.755,44.38333333,0.184001491,107.34,1,AYUDANTE ,0.833333333,39.62,0,0,114.8538,120.2208,7.5138,12.8808
5282,46,1,0,SOLTERO,56,1,6,1,6.564,18.55,-0.757604198,107.34,1,AYUDANTE ,0.333333333,6.564,51,18.88189559,114.8538,120.2208,7.5138,12.8808
7699,30,1,0,SOLTERO,50,1,277,1,4.808,14.45,-0.697708341,113.45,1,AYUDANTE ,0.333333333,4.808,81,11.73742936,121.3915,127.064,7.9415,13.614
7857,29,1,0,SOLTERO,74,1,120,1,16.756,26.73333333,NA,243.87,3,SUPERVISOR,0,14.622,100,NA,260.9409,273.1344,17.0709,29.2644
8079,49,0,1,CASADO,68,1,14,1,4.509,12.95,-1.16862481,107.34,1,AYUDANTE ,0.166666667,4.509,47,17.69578313,114.8538,120.2208,7.5138,12.8808
7987,29,0,1,SOLTERO,52,1,26,1,2.037,5.75,0.449771699,107.34,1,AYUDANTE ,0.833333333,2.037,8,3.098373354,114.8538,120.2208,7.5138,12.8808
7719,28,0,1,SOLTERO,57,1,316,1,2.684,12.56666667,0.460181809,113.45,1,AYUDANTE ,0.833333333,2.684,0,0,121.3915,127.064,7.9415,13.614
7924,49,0,1,SOLTERO,50,1,18,1,14.692,27.05,0.075744027,107.34,1,AYUDANTE ,0.833333333,14.692,0,0,114.8538,120.2208,7.5138,12.8808
7841,49,1,0,SOLTERO,68,1,26,1,9.449,26.33333333,NA,107.34,1,AYUDANTE ,0,9.748,132,NA,114.8538,120.2208,7.5138,12.8808
7929,27,1,0,CASADO,87,1,1,1,#N/A,#N/A,#N/A,107.34,1,AYUDANTE ,0,3.838,0,NA,114.8538,120.2208,7.5138,12.8808
8005,24,1,0,SOLTERO,88,1,13,1,6.656,15.6,-0.580426386,107.34,1,AYUDANTE ,0.5,6.656,0,0,114.8538,120.2208,7.5138,12.8808
8053,27,1,0,CASADO,81,1,3,1,8.578,25.93333333,-0.600096571,107.34,1,AYUDANTE ,0.5,8.578,25,14.52643812,114.8538,120.2208,7.5138,12.8808
7961,20,0,1,SOLTERO,87,1,7,1,8.256,18.71666667,-1.17017348,107.34,1,AYUDANTE ,0.166666667,8.256,0,0,114.8538,120.2208,7.5138,12.8808
8004,44,1,0,CASADO,57,1,48,1,6.118,22.68333333,0.617514713,107.34,1,AYUDANTE ,0.833333333,6.118,0,0,114.8538,120.2208,7.5138,12.8808
7898,31,1,0,SOLTERO,45,1,2,1,11.595,26.93333333,-0.188178055,107.34,1,AYUDANTE ,0.5,10.206,0,0,114.8538,120.2208,7.5138,12.8808
7421,29,1,0,SOLTERO,73,1,657,1,9.217,30.95,-0.891007142,113.45,1,AYUDANTE ,0.333333333,9.217,0,0,121.3915,127.064,7.9415,13.614
7928,22,1,0,SOLTERO,88,1,56,1,10.64,24.23333333,0.927049705,107.34,1,AYUDANTE ,0.833333333,12.229,0,0,114.8538,120.2208,7.5138,12.8808
7926,42,1,0,SOLTERO,56,1,3,1,46.997,70.83333333,0.837431611,160.97,2,COCINERO,0.833333333,46.997,0,0,172.2379,180.2864,11.2679,19.3164
8062,45,1,0,CASADO,56,1,25,1,2.88,9.016666667,-0.401797782,107.34,1,AYUDANTE ,0.5,2.88,13,4.593639576,114.8538,120.2208,7.5138,12.8808
7910,25,1,0,CASADO,51,1,2,1,8.496,24.7,-1.067053405,107.34,1,AYUDANTE ,0.166666667,8.496,49,10.73619632,114.8538,120.2208,7.5138,12.8808
7983,22,0,1,SOLTERO,73,1,17,1,15.515,43.75,0.281043572,107.34,1,AYUDANTE ,0.833333333,15.515,0,0,114.8538,120.2208,7.5138,12.8808
7950,46,1,0,SOLTERO,88,1,8,1,6.666,12.23333333,-0.096554684,160.97,2,COCINERO,0.5,8.342,0,0,172.2379,180.2864,11.2679,19.3164
7776,26,1,0,SOLTERO,81,1,189,1,15.968,34.23333333,-0.711747463,107.34,1,AYUDANTE ,0.333333333,20.734,30,11.0660273,114.8538,120.2208,7.5138,12.8808
8130,23,1,0,SOLTERO,56,1,15,1,1.631,5.716666667,-0.355026246,107.34,1,AYUDANTE ,0.5,1.631,20,7.996801279,114.8538,120.2208,7.5138,12.8808
7823,38,1,0,CASADO,59,1,271,1,3.203,7.666666667,NA,107.34,1,AYUDANTE ,0,3.203,0,NA,114.8538,120.2208,7.5138,12.8808
8108,26,1,0,SOLTERO,5,1,12,1,3.655,11.01666667,-0.731233958,107.34,1,AYUDANTE ,0.333333333,3.655,34,6.241968056,114.8538,120.2208,7.5138,12.8808
7758,50,1,0,SOLTERO,52,1,199,1,11.232,31.66666667,-0.095579282,113.45,1,AYUDANTE ,0.5,11.232,75,9.93509074,121.3915,127.064,7.9415,13.614
5704,54,1,0,SOLTERO,66,1,1475,1,8.734,19.46666667,NA,177.85,2,COCINERO,0,8.734,0,NA,190.2995,199.192,12.4495,21.342
7503,30,0,1,SOLTERO,85,1,63,1,8.507,14.65,NA,107.34,1,AYUDANTE ,0,8.507,0,NA,114.8538,120.2208,7.5138,12.8808
8015,26,0,1,SOLTERO,74,1,28,1,11.415,27.11666667,-0.678220973,107.34,1,AYUDANTE ,0.333333333,11.415,43,12.36698303,114.8538,120.2208,7.5138,12.8808
7944,21,0,1,SOLTERO,81,1,4,1,5.731,18.05,-1.01681248,107.34,1,AYUDANTE ,0.166666667,5.767,25,10.1378751,114.8538,120.2208,7.5138,12.8808
7974,26,1,0,SOLTERO,80,1,14,1,17.001,32.18333333,-1.275735704,107.34,1,AYUDANTE ,0.166666667,18.021,61,33.00865801,114.8538,120.2208,7.5138,12.8808
7588,28,1,0,SOLTERO,79,1,628,1,6.002,15.61666667,0.603855143,113.45,1,AYUDANTE ,0.833333333,6.002,0,0,121.3915,127.064,7.9415,13.614
7948,39,1,0,SOLTERO,68,1,49,1,4.271,15.8,-0.731233958,107.34,1,AYUDANTE ,0.333333333,4.271,34,6.241968056,114.8538,120.2208,7.5138,12.8808
7821,36,1,0,SOLTERO,61,1,250,1,9.411,18.45,0.170723607,127.72,1,AYUDANTE ,0.833333333,8.998,0,0,136.6604,143.0464,8.9404,15.3264
5588,51,1,0,SOLTERO,60,1,2095,1,1.238,4.066666667,0.002730171,113.45,1,AYUDANTE ,0.5,1.238,0,0,121.3915,127.064,7.9415,13.614
6582,45,1,0,SOLTERO,5,1,1018,1,19.494,45.26666667,0.820802431,113.45,1,AYUDANTE ,0.833333333,29.14,0,0,121.3915,127.064,7.9415,13.614
8060,32,1,0,SOLTERO,25,1,70,1,9.567,20.68333333,0.783742363,107.34,1,AYUDANTE ,0.833333333,9.567,0,0,114.8538,120.2208,7.5138,12.8808
7392,41,1,0,SOLTERO,52,1,314,1,4.489,15.15,-0.103113051,113.45,1,AYUDANTE ,0.5,3.866,70,15.62151306,121.3915,127.064,7.9415,13.614
7664,48,1,0,SOLTERO,81,1,341,1,6.081,18.46666667,-0.794508471,113.45,1,AYUDANTE ,0.333333333,8.216,41,8.365639665,121.3915,127.064,7.9415,13.614
7766,52,0,1,SOLTERO,8,1,112,1,19.295,45.55,-0.843419861,107.34,1,AYUDANTE ,0.333333333,19.414,35,13.76327173,114.8538,120.2208,7.5138,12.8808
7953,54,0,1,SOLTERO,85,1,1,1,7.083,18.73333333,1.433000778,107.34,1,AYUDANTE ,1,7.083,0,0,114.8538,120.2208,7.5138,12.8808
7900,47,0,1,CASADO,76,1,9,1,12.141,14.7,-0.300717996,107.34,1,AYUDANTE ,0.5,12.141,0,0,114.8538,120.2208,7.5138,12.8808
7939,44,0,1,SOLTERO,88,1,59,1,7.876,20.15,0.1297813,107.34,1,AYUDANTE ,0.833333333,9.552,0,0,114.8538,120.2208,7.5138,12.8808
7863,38,1,0,SOLTERO,50,1,40,1,8.82,24.85,-0.172450309,160.97,2,COCINERO,0.5,9.316,46,5.901975879,172.2379,180.2864,11.2679,19.3164
7770,32,1,0,SOLTERO,52,1,107,1,3.928,11.45,-0.953826807,107.34,1,AYUDANTE ,0.333333333,3.928,13,9.767092412,114.8538,120.2208,7.5138,12.8808
7951,32,0,1,SOLTERO,52,1,49,1,22.644,48.63333333,0.472493436,195.68,2,SUPERVISOR,0.833333333,21.065,0,0,209.3776,219.1616,13.6976,23.4816
7923,40,0,1,CASADO,85,1,28,1,#N/A,#N/A,#N/A,177.85,2,COCINERO,0,41.341,0,NA,190.2995,199.192,12.4495,21.342
7979,43,0,1,SOLTERO,74,1,33,1,9.862,21.1,-1.372391192,107.34,1,AYUDANTE ,0.166666667,9.862,20,11.82033097,114.8538,120.2208,7.5138,12.8808
7957,48,0,1,SOLTERO,50,1,6,1,10.324,24.81666667,-0.641096075,107.34,1,AYUDANTE ,0.333333333,10.324,79,13.68202286,114.8538,120.2208,7.5138,12.8808
7037,54,1,0,CASADO,68,1,48,1,7.212,21.88333333,-0.456244718,107.34,1,AYUDANTE ,0.5,7.212,31,9.666354849,114.8538,120.2208,7.5138,12.8808
7864,43,1,0,SOLTERO,85,1,7,1,5.994,19.55,-0.964514662,120.58,1,AYUDANTE ,0.166666667,5.994,0,0,129.0206,135.0496,8.4406,14.4696
6006,50,1,0,SOLTERO,81,1,105,1,21.265,37.73333333,0.063368427,107.34,1,AYUDANTE ,0.833333333,21.265,0,0,114.8538,120.2208,7.5138,12.8808
8024,38,1,0,SOLTERO,50,1,9,1,10.244,32.96666667,-1.247589513,160.97,2,COCINERO,0.166666667,10.542,33,25.50231839,172.2379,180.2864,11.2679,19.3164
8001,48,1,0,CASADO,52,1,7,1,8.463,21.68333333,0.177715289,151.19,2,COCINERO,0.833333333,8.463,41,8.773806976,161.7733,169.3328,10.5833,18.1428
8008,25,0,1,SOLTERO,50,1,12,1,6.634,16.53333333,-0.215362078,107.34,1,AYUDANTE ,0.5,6.634,0,0,114.8538,120.2208,7.5138,12.8808
7967,25,1,0,SOLTERO,50,1,12,1,30.046,41.51666667,-0.264079931,160.97,2,COCINERO,0.5,30.046,0,0,172.2379,180.2864,11.2679,19.3164
8039,25,1,0,SOLTERO,51,1,48,1,23.492,31.36666667,0.051746099,107.34,1,AYUDANTE ,0.833333333,23.492,0,0,114.8538,120.2208,7.5138,12.8808
7545,28,1,0,SOLTERO,85,1,417,1,#N/A,#N/A,#N/A,169.38,2,COCINERO,0,8.99,0,NA,181.2366,189.7056,11.8566,20.3256
7868,28,1,0,SOLTERO,87,1,63,1,#N/A,#N/A,#N/A,120.58,1,AYUDANTE ,0,16.869,0,NA,129.0206,135.0496,8.4406,14.4696
8162,23,0,1,SOLTERO,81,1,7,1,8.736,25.78333333,-1.171751646,107.34,1,AYUDANTE ,0.166666667,8.736,31,10.06166829,114.8538,120.2208,7.5138,12.8808
7887,25,1,0,SOLTERO,76,1,139,1,2.385,6.15,-0.743247184,107.34,1,AYUDANTE ,0.333333333,2.385,0,0,114.8538,120.2208,7.5138,12.8808
8026,24,0,1,SOLTERO,60,1,20,1,2.746,6.183333333,-0.557045088,107.34,1,AYUDANTE ,0.5,2.746,0,0,114.8538,120.2208,7.5138,12.8808
8092,30,1,0,CASADO,5,1,5,1,5.108,16.73333333,-0.634631204,107.34,1,AYUDANTE ,0.333333333,5.108,21,4.002287021,114.8538,120.2208,7.5138,12.8808
7889,53,1,0,CASADO,50,1,19,1,20.157,32.7,-0.909327971,160.97,2,COCINERO,0.333333333,20.157,0,0,172.2379,180.2864,11.2679,19.3164
7859,48,1,0,SOLTERO,85,1,16,1,8.507,14.65,NA,120.58,1,AYUDANTE ,0,8.507,0,NA,129.0206,135.0496,8.4406,14.4696
7855,52,1,0,CASADO,50,1,63,1,7.784,22.2,-0.783999376,107.34,1,AYUDANTE ,0.333333333,8.082,36,17.02932829,114.8538,120.2208,7.5138,12.8808
8029,22,1,0,SOLTERO,81,1,16,1,3.305,12.46666667,-0.97478415,107.34,1,AYUDANTE ,0.166666667,3.305,88,17.58241758,114.8538,120.2208,7.5138,12.8808
7893,37,1,0,CASADO,56,1,152,1,4.933,15.76666667,-0.410464528,107.34,1,AYUDANTE ,0.5,4.933,38,10.09028147,114.8538,120.2208,7.5138,12.8808
8107,44,1,0,CASADO,59,1,15,1,#N/A,#N/A,#N/A,107.34,1,AYUDANTE ,0,7.512,0,0,114.8538,120.2208,7.5138,12.8808
7528,34,1,0,SOLTERO,85,1,524,1,2.37,6.983333333,NA,120.58,1,AYUDANTE ,0,2.37,0,NA,129.0206,135.0496,8.4406,14.4696
7966,27,0,1,CASADO,74,1,19,1,18.787,39.06666667,-1.094890677,107.34,1,AYUDANTE ,0.166666667,15.457,21,7.304347826,114.8538,120.2208,7.5138,12.8808
7836,20,1,0,SOLTERO,56,1,89,1,4.717,16.16666667,-1.187069756,107.34,1,AYUDANTE ,0.166666667,4.717,3,1.290877797,114.8538,120.2208,7.5138,12.8808
7824,39,1,0,SOLTERO,59,1,194,1,#N/A,#N/A,#N/A,107.34,1,AYUDANTE ,0,14.259,0,NA,114.8538,120.2208,7.5138,12.8808
7965,22,0,1,SOLTERO,56,1,65,1,1.14,5.316666667,-0.002269597,160.97,2,COCINERO,0.5,1.14,37,7.870665816,172.2379,180.2864,11.2679,19.3164
2112,53,1,0,SOLTERO,72,1,4619,1,12.562,32.75,0.7100023,113.45,1,AYUDANTE ,0.833333333,12.562,0,0,121.3915,127.064,7.9415,13.614
6877,57,1,0,SOLTERO,81,1,1277,1,15.169,33.21666667,-0.46597399,146.35,1,COCINERO,0.5,20.492,11,3.516624041,156.5945,163.912,10.2445,17.562
8099,29,1,0,SOLTERO,4,1,60,1,11.215,24.43333333,-0.090908055,107.34,1,AYUDANTE ,0.5,14.797,0,0,114.8538,120.2208,7.5138,12.8808
8030,39,1,0,CASADO,50,1,64,1,13.317,21.66666667,-0.397692876,107.34,1,AYUDANTE ,0.5,13.617,51,7.977475364,114.8538,120.2208,7.5138,12.8808
7378,28,1,0,SOLTERO,52,1,96,1,1.104,3.433333333,-0.435696201,107.34,1,AYUDANTE ,0.5,1.104,58,10.10805159,114.8538,120.2208,7.5138,12.8808
8137,38,1,0,SOLTERO,81,1,11,1,14.688,24.86666667,-0.882658273,107.34,1,AYUDANTE ,0.333333333,14.688,0,0,114.8538,120.2208,7.5138,12.8808
8116,25,1,0,SOLTERO,73,1,2,1,13.361,40.16666667,2.034141644,107.34,1,AYUDANTE ,1,13.361,0,0,114.8538,120.2208,7.5138,12.8808
8072,19,1,0,SOLTERO,82,1,33,1,5.583,11.53333333,0.041472854,107.34,1,AYUDANTE ,0.5,5.583,0,0,114.8538,120.2208,7.5138,12.8808
7755,24,1,0,SOLTERO,87,1,38,1,#N/A,#N/A,#N/A,107.34,1,AYUDANTE ,0,16.869,0,NA,114.8538,120.2208,7.5138,12.8808
7917,23,1,0,SOLTERO,87,1,75,1,4.856,7.066666667,NA,107.34,1,AYUDANTE ,0,4.856,0,NA,114.8538,120.2208,7.5138,12.8808
8034,60,1,0,SOLTERO,50,1,70,1,5.551,13.66666667,-0.000460833,107.34,1,AYUDANTE ,0.5,5.687,21,4.138746551,114.8538,120.2208,7.5138,12.8808
4366,61,1,0,SOLTERO,4,1,166,1,3.939,9.8,-1.203307417,127.72,1,AYUDANTE ,0.166666667,3.939,0,0,136.6604,143.0464,8.9404,15.3264
7970,30,1,0,CASADO,4,1,11,1,22.637,44.83333333,-1.0058037,107.34,1,AYUDANTE ,0.166666667,22.637,0,0,114.8538,120.2208,7.5138,12.8808
8147,24,1,0,SOLTERO,72,1,6,1,9.188,25.75,1.377730657,107.34,1,AYUDANTE ,1,9.196,0,0,114.8538,120.2208,7.5138,12.8808
8071,24,1,0,SOLTERO,25,0,98,1,#N/A,#N/A,#N/A,107.34,1,AYUDANTE ,0,12.627,0,NA,114.8538,120.2208,7.5138,12.8808
6600,46,1,0,SOLTERO,80,0,1497,1,8.079,27.76666667,-0.730065772,113.45,1,AYUDANTE ,0.333333333,15.091,46,12.64431006,121.3915,127.064,7.9415,13.614
7685,24,1,0,SOLTERO,5,0,516,1,25.247,36.41666667,0.840286156,113.45,1,AYUDANTE ,0.833333333,25.248,0,0,121.3915,127.064,7.9415,13.614
5933,57,1,0,SOLTERO,51,0,1892,1,3.738,10.18333333,-0.000460833,113.45,1,AYUDANTE ,0.5,4.02,21,4.138746551,121.3915,127.064,7.9415,13.614
7170,41,1,0,SOLTERO,57,0,1084,1,8.113,20.51666667,-0.928804937,113.45,1,AYUDANTE ,0.333333333,8.113,0,0,121.3915,127.064,7.9415,13.614
5201,45,1,0,SOLTERO,82,0,513,1,16.732,30.31666667,-1.02478601,196.86,2,COCINERO,0.166666667,12.158,0,0,210.6402,220.4832,13.7802,23.6232
3890,47,1,0,SOLTERO,6,0,3453,1,NA,NA,-0.891007142,284.93,3,SUPERVISOR,0.333333333,52.6,0,0,304.8751,319.1216,19.9451,34.1916
7834,46,1,0,SOLTERO,54,0,329,1,7.575,22.98333333,0.172689659,127.72,1,AYUDANTE ,0.833333333,7.758,0,0,136.6604,143.0464,8.9404,15.3264
8083,53,0,1,CASADO,61,0,90,1,12.707,29.91666667,0.47647626,160.97,2,COCINERO,0.833333333,12.707,0,0,172.2379,180.2864,11.2679,19.3164
1123,57,1,0,SOLTERO,59,0,5056,1,28.335,44.11666667,1.162406457,176.52,2,COCINERO,1,28.335,0,0,188.8764,197.7024,12.3564,21.1824
8144,31,1,0,SOLTERO,82,0,35,1,5.202,11.88333333,-0.296490518,107.34,1,AYUDANTE ,0.5,5.202,0,0,114.8538,120.2208,7.5138,12.8808
8049,42,1,0,CASADO,68,0,121,1,3.675,13.4,-0.373295921,107.34,1,AYUDANTE ,0.5,4.177,46,11.69590643,114.8538,120.2208,7.5138,12.8808
8100,22,1,0,SOLTERO,6,0,70,1,NA,NA,0.184001491,107.34,1,AYUDANTE ,0.833333333,42.304,0,0,114.8538,120.2208,7.5138,12.8808
8066,37,1,0,SOLTERO,60,0,107,1,3.529,10.63333333,0.300915011,107.34,1,AYUDANTE ,0.833333333,3.529,0,0,114.8538,120.2208,7.5138,12.8808
8161,33,1,0,SOLTERO,56,0,19,1,6.564,18.55,-0.757604198,107.34,1,AYUDANTE ,0.333333333,6.564,51,18.88189559,114.8538,120.2208,7.5138,12.8808
7977,47,1,0,CASADO,88,0,184,1,5.75,11.88333333,-0.013612504,107.34,1,AYUDANTE ,0.5,7.426,0,0,114.8538,120.2208,7.5138,12.8808
8088,29,1,0,SOLTERO,61,0,85,1,6.445,17.95,0.168775942,107.34,1,AYUDANTE ,0.833333333,6.445,0,0,114.8538,120.2208,7.5138,12.8808
8123,34,1,0,SOLTERO,59,0,49,1,7.212,10.83333333,0.202686765,107.34,1,AYUDANTE ,0.833333333,7.212,0,0,114.8538,120.2208,7.5138,12.8808
8143,39,1,0,SOLTERO,87,0,37,1,4.856,7.066666667,NA,160.97,2,COCINERO,0,4.856,0,NA,172.2379,180.2864,11.2679,19.3164
8132,29,1,0,SOLTERO,56,0,43,1,0.547,2.466666667,-0.331949494,107.34,1,AYUDANTE ,0.5,0.547,113,20.05679801,114.8538,120.2208,7.5138,12.8808
8112,53,0,1,CASADO,50,0,62,1,21.158,35.76666667,0.172689659,160.97,2,COCINERO,0.833333333,21.158,0,0,172.2379,180.2864,11.2679,19.3164
7259,53,1,0,SOLTERO,81,0,1001,1,2.564,12.5,-0.665056013,113.45,1,AYUDANTE ,0.333333333,2.564,49,11.04100946,121.3915,127.064,7.9415,13.614
7338,54,1,0,SOLTERO,82,0,950,1,19.039,39.5,-0.262822065,127.72,1,AYUDANTE ,0.5,24.939,0,0,136.6604,143.0464,8.9404,15.3264
5677,36,1,0,SOLTERO,87,0,2146,1,4.94,6.433333333,NA,176.52,2,COCINERO,0,4.94,0,NA,188.8764,197.7024,12.3564,21.1824
8078,22,1,0,SOLTERO,74,0,92,1,22.538,50.93333333,0.898351346,107.34,1,AYUDANTE ,0.833333333,22.393,27,4.329698525,114.8538,120.2208,7.5138,12.8808
8023,41,1,0,SOLTERO,50,0,138,1,9.101,28.3,-0.393892984,107.34,1,AYUDANTE ,0.5,14.489,35,27.55905512,114.8538,120.2208,7.5138,12.8808
7896,55,1,0,SOLTERO,68,0,14,1,5.651,18.25,0.041437213,107.34,1,AYUDANTE ,0.5,5.651,32,8.544726302,114.8538,120.2208,7.5138,12.8808
8042,48,1,0,VIUDO,79,0,127,1,6.994,17.75,-1.27405292,107.34,1,AYUDANTE ,0.166666667,6.994,8,5.416384563,114.8538,120.2208,7.5138,12.8808
7943,40,1,0,SOLTERO,51,0,215,1,3.289,8.533333333,-1.217090107,107.34,1,AYUDANTE ,0.166666667,3.289,10,4.866180049,114.8538,120.2208,7.5138,12.8808
8152,26,1,0,SOLTERO,5,0,26,1,3.655,11.01666667,-0.731233958,107.34,1,AYUDANTE ,0.333333333,3.655,34,6.241968056,114.8538,120.2208,7.5138,12.8808
849,61,1,0,SOLTERO,83,0,8281,1,12.94,22.95,-1.520128566,127.72,1,GERENTE ,0.166666667,12.427,23,55.96107056,136.6604,143.0464,8.9404,15.3264
7536,22,1,0,SOLTERO,75,0,741,1,5.861,17.06666667,-0.348484914,113.45,1,AYUDANTE ,0.5,5.812,45,11.55624037,121.3915,127.064,7.9415,13.614
5181,49,1,0,SOLTERO,60,0,2610,1,3.529,10.63333333,0.300915011,113.45,1,AYUDANTE ,0.833333333,3.529,0,0,121.3915,127.064,7.9415,13.614
5429,25,0,1,CASADO,50,0,221,1,1.797,7.533333333,-0.505153413,284.93,3,SUPERVISOR,0.5,1.797,0,0,304.8751,319.1216,19.9451,34.1916
5558,47,1,0,SOLTERO,80,0,2267,1,16.984,34.2,-0.085765739,127.72,1,AYUDANTE ,0.5,16.984,0,0,136.6604,143.0464,8.9404,15.3264
7663,36,0,1,CASADO,8,0,545,1,26.061,47.31666667,-0.189419712,107.34,1,AYUDANTE ,0.5,25.888,0,0,114.8538,120.2208,7.5138,12.8808
7773,38,1,0,SOLTERO,87,0,405,1,#N/A,#N/A,#N/A,113.45,1,AYUDANTE ,0,85.137,0,NA,121.3915,127.064,7.9415,13.614
1424,48,0,1,SOLTERO,88,0,3761,1,6.741,13.81666667,-0.641649392,365.71,4,COCINERO,0.333333333,8.838,28,10.49082053,391.3097,409.5952,25.5997,43.8852
5280,44,0,1,SOLTERO,81,0,1310,1,17.694,29.23333333,-0.487103215,258.64,3,ENCARGADO,0.5,17.694,69,15.38461538,276.7448,289.6768,18.1048,31.0368
8020,24,0,1,SOLTERO,37,0,149,1,19.478,35.28333333,-0.051639285,107.34,1,AYUDANTE ,0.5,22.998,0,0,114.8538,120.2208,7.5138,12.8808
8156,38,1,0,SOLTERO,37,0,23,1,11.032,18.9,-1.051104503,107.34,1,AYUDANTE ,0.166666667,11.032,0,0,114.8538,120.2208,7.5138,12.8808
8163,24,1,0,CASADO,79,0,19,1,5.678,18.95,0.297308751,107.34,1,AYUDANTE ,0.833333333,6.199,0,0,114.8538,120.2208,7.5138,12.8808
7994,23,0,1,SOLTERO,72,0,166,1,11.894,31.16666667,1.910788996,107.34,1,AYUDANTE ,1,9.196,0,0,114.8538,120.2208,7.5138,12.8808
6461,42,0,1,SOLTERO,11,0,1505,1,30.489,44.53333333,0.850314647,166.79,2,SUPERVISOR,0.833333333,56.877,0,0,178.4653,186.8048,11.6753,20.0148
6765,33,0,1,SOLTERO,87,0,1398,1,106.811,119.5333333,-0.187568093,176.52,2,COCINERO,0.5,106.811,0,0,188.8764,197.7024,12.3564,21.1824
7909,36,1,0,SOLTERO,51,0,246,1,8.12,25.75,-1.067053405,107.34,1,AYUDANTE ,0.166666667,8.12,49,10.73619632,114.8538,120.2208,7.5138,12.8808
5000,44,1,0,SOLTERO,60,0,2708,1,9.893,22.58333333,-0.040919796,152.59,2,COCINERO,0.5,9.893,0,0,163.2713,170.9008,10.6813,18.3108
8113,27,0,1,CASADO,81,0,61,1,5.872,19.51666667,-0.741458572,160.97,2,COCINERO,0.333333333,5.872,64,15.59834268,172.2379,180.2864,11.2679,19.3164
5644,51,0,1,SOLTERO,11,0,2193,1,14.658,28.46666667,-0.49658407,166.79,2,SUPERVISOR,0.5,5.22,27,5.732484076,178.4653,186.8048,11.6753,20.0148
6638,41,1,0,SOLTERO,51,0,546,1,6.117,17.35,-1.036197855,113.45,1,AYUDANTE ,0.166666667,6.117,10,4.103405827,121.3915,127.064,7.9415,13.614
8155,35,1,0,CASADO,5,0,23,1,7.804,16.68333333,-0.456244718,107.34,1,AYUDANTE ,0.5,7.804,31,9.666354849,114.8538,120.2208,7.5138,12.8808
7800,42,1,0,SOLTERO,87,0,369,1,7.071,15.33333333,1.433000778,107.34,1,AYUDANTE ,1,7.071,0,0,114.8538,120.2208,7.5138,12.8808
8111,42,1,0,CASADO,25,0,62,1,5.28,10.78333333,0.690697967,107.34,1,AYUDANTE ,0.833333333,5.28,0,0,114.8538,120.2208,7.5138,12.8808
6690,44,1,0,SOLTERO,80,0,1447,1,8.592,28.53333333,-0.94734925,113.45,1,AYUDANTE ,0.333333333,14.245,33,10.04872107,121.3915,127.064,7.9415,13.614
7168,40,1,0,SOLTERO,51,0,1087,1,6.153,13.36666667,-0.413033811,113.45,1,AYUDANTE ,0.5,6.153,32,4.975897994,121.3915,127.064,7.9415,13.614
8081,47,1,0,SOLTERO,45,0,91,1,7.676,19.63333333,-0.769110258,107.34,1,AYUDANTE ,0.333333333,5.006,86,18.49064717,114.8538,120.2208,7.5138,12.8808
7991,46,0,1,SOLTERO,37,0,168,1,23.267,42.08333333,-1.166652795,160.97,2,COCINERO,0.166666667,23.241,30,20.5338809,172.2379,180.2864,11.2679,19.3164
8063,21,0,1,SOLTERO,81,0,107,1,11.02,35.65,-0.397692876,107.34,1,AYUDANTE ,0.5,16.901,51,7.977475364,114.8538,120.2208,7.5138,12.8808
4314,29,1,0,SOLTERO,5,0,3136,1,31.619,57.75,-0.582215276,228.47,3,JEFE ,0.5,28.986,22,5.018248175,244.4629,255.8864,15.9929,27.4164
7848,41,1,0,SOLTERO,7,0,300,1,19.968,43.56666667,0.453320424,107.34,1,AYUDANTE ,0.833333333,24.812,0,0,114.8538,120.2208,7.5138,12.8808
7632,44,1,0,CASADO,5,0,595,1,27.352,51.66666667,0.783742363,113.45,1,AYUDANTE ,0.833333333,22.055,0,0,121.3915,127.064,7.9415,13.614
7873,35,0,1,CASADO,76,0,274,1,10.595,21.35,-0.891007142,107.34,1,AYUDANTE ,0.333333333,10.595,0,0,114.8538,120.2208,7.5138,12.8808
8068,32,0,1,CASADO,83,0,105,1,16.654,27.3,-0.310672705,219.68,3,SUPERVISOR,0.5,15.631,0,0,235.0576,246.0416,15.3776,26.3616
8086,20,1,0,SOLTERO,52,0,84,1,#N/A,#N/A,#N/A,107.34,1,AYUDANTE ,0,10.662,0,NA,114.8538,120.2208,7.5138,12.8808
8145,31,1,0,SOLTERO,52,0,35,1,20.882,42.26666667,0.574580733,107.34,1,AYUDANTE ,0.833333333,19.303,0,0,114.8538,120.2208,7.5138,12.8808
8106,38,1,0,SOLTERO,51,0,69,1,4.304,17.03333333,-0.302646161,107.34,1,AYUDANTE ,0.5,4.304,177,220.1492537,114.8538,120.2208,7.5138,12.8808
8129,40,1,0,CASADO,81,0,44,1,2.564,12.5,-0.665056013,107.34,1,AYUDANTE ,0.333333333,2.564,49,11.04100946,114.8538,120.2208,7.5138,12.8808
7633,38,1,0,SOLTERO,25,0,593,1,9.044,18.9,-0.704898586,113.45,1,AYUDANTE ,0.333333333,9.044,49,18.09453471,121.3915,127.064,7.9415,13.614
7984,28,1,0,SOLTERO,81,0,181,1,17.412,30.26666667,-0.447975992,160.97,2,COCINERO,0.5,17.412,58,13.45083488,172.2379,180.2864,11.2679,19.3164
7914,22,0,1,SOLTERO,52,0,238,1,8.338,17.78333333,-0.123095317,112.71,1,AYUDANTE ,0.5,8.338,86,18.10145233,120.5997,126.2352,7.8897,13.5252
8141,28,0,1,SOLTERO,74,0,37,1,27.49,56.46666667,-0.582215276,107.34,1,AYUDANTE ,0.5,27.365,22,5.018248175,114.8538,120.2208,7.5138,12.8808
2897,60,1,0,CASADO,51,0,1027,1,17.139,28.98333333,-0.658305595,113.45,1,AYUDANTE ,0.333333333,17.139,68,11.85908615,121.3915,127.064,7.9415,13.614
5630,29,0,1,CASADO,8,0,126,1,20.595,32.71666667,-0.264079931,107.34,1,AYUDANTE ,0.5,20.595,0,0,114.8538,120.2208,7.5138,12.8808
8139,23,0,1,SOLTERO,50,0,37,1,10.244,32.96666667,-1.247589513,107.34,1,AYUDANTE ,0.166666667,10.542,33,25.50231839,114.8538,120.2208,7.5138,12.8808
8007,50,0,1,SOLTERO,52,0,154,1,#N/A,#N/A,#N/A,151.19,2,COCINERO,0,15.679,0,NA,161.7733,169.3328,10.5833,18.1428
8048,27,0,1,SOLTERO,52,0,128,1,3.333,8.2,-0.91419149,428.63,5,GERENTE ,0.333333333,4.397,66,9.214016474,458.6341,480.0656,30.0041,51.4356
8138,21,0,1,SOLTERO,74,0,37,1,6.142,17.53333333,-1.093415691,107.34,1,AYUDANTE ,0.166666667,6.142,8,3.078106964,114.8538,120.2208,7.5138,12.8808
8052,32,0,1,SOLTERO,88,0,121,1,6.627,12.13333333,-1.084991261,214,3,ENCARGADO,0.166666667,8.451,0,0,228.98,239.68,14.98,25.68
8105,31,0,1,SOLTERO,81,0,70,1,8.558,26.56666667,-0.383462188,107.34,1,AYUDANTE ,0.5,8.558,0,0,114.8538,120.2208,7.5138,12.8808
7204,42,0,1,SOLTERO,81,0,14,1,16.317,35.56666667,-0.579636951,107.34,1,AYUDANTE ,0.5,16.317,38,8.638326892,114.8538,120.2208,7.5138,12.8808
7614,36,0,1,SOLTERO,3,0,615,1,4.044,11.16666667,-0.385804171,169.38,2,COCINERO,0.5,4.044,43,8.145482099,181.2366,189.7056,11.8566,20.3256
3318,56,0,1,CASADO,81,0,3999,1,38.709,61.28333333,-0.822697157,279.84,3,JEFE ,0.333333333,41.195,0,0,299.4288,313.4208,19.5888,33.5808
7804,27,0,1,CASADO,37,0,358,1,17.486,33.06666667,-0.471525914,207.74,3,SUPERVISOR,0.5,17.078,0,0,222.2818,232.6688,14.5418,24.9288
6083,38,0,1,SOLTERO,51,0,1758,1,34.796,51.18333333,-0.262822065,120.58,1,AYUDANTE ,0.5,39.32,0,0,129.0206,135.0496,8.4406,14.4696
8118,39,0,1,CASADO,56,0,58,1,1.925,7.85,-0.701845742,107.34,1,AYUDANTE ,0.333333333,1.925,78,20.09791291,114.8538,120.2208,7.5138,12.8808
6766,57,1,0,SOLTERO,3,0,1395,1,13.043,31.68333333,-0.401797782,146.35,1,COCINERO,0.5,11.067,13,4.593639576,156.5945,163.912,10.2445,17.562
8084,38,1,0,SOLTERO,81,0,90,1,11.5,33.66666667,0.075744027,107.34,1,AYUDANTE ,0.833333333,11.5,0,0,114.8538,120.2208,7.5138,12.8808
4137,40,0,1,SOLTERO,6,0,3277,1,NA,NA,-0.306069544,430.72,5,GERENTE ,0.5,4.346,0,0,460.8704,482.4064,30.1504,51.6864
8170,36,0,1,SOLTERO,50,0,13,1,4.892,13.75,-1.030545533,107.34,1,AYUDANTE ,0.166666667,4.892,55,18.58736059,114.8538,120.2208,7.5138,12.8808
8009,21,0,1,SOLTERO,83,0,153,1,13.151,23.01666667,-1.051104503,107.34,1,AYUDANTE ,0.166666667,13.151,0,0,114.8538,120.2208,7.5138,12.8808
7542,55,1,0,SOLTERO,57,0,728,1,1.869,6.883333333,-0.620186929,113.45,1,AYUDANTE ,0.5,1.869,0,0,121.3915,127.064,7.9415,13.614
8150,48,1,0,CASADO,79,0,28,1,8.648,21.05,0.927049705,160.97,2,COCINERO,0.833333333,8.648,0,0,172.2379,180.2864,11.2679,19.3164
3780,56,1,0,SOLTERO,5,0,3561,1,20.223,33.01666667,0.063368427,196.86,2,COCINERO,0.833333333,22.323,0,0,210.6402,220.4832,13.7802,23.6232
6205,24,0,1,SOLTERO,87,0,1695,1,4.94,6.433333333,NA,120.58,1,AYUDANTE ,0,10.952,0,NA,129.0206,135.0496,8.4406,14.4696
5027,49,0,1,SOLTERO,82,0,2692,1,26.874,45.88333333,0.448395639,127.72,1,AYUDANTE ,0.833333333,26.874,0,0,136.6604,143.0464,8.9404,15.3264
7818,44,1,0,CASADO,83,0,337,1,20.762,26.88333333,-0.149262128,127.72,1,AYUDANTE ,0.5,20.762,0,0,136.6604,143.0464,8.9404,15.3264
7221,22,1,0,SOLTERO,80,0,168,1,19.914,41.1,0.168775942,107.34,1,AYUDANTE ,0.833333333,19.914,0,0,114.8538,120.2208,7.5138,12.8808
7815,25,1,0,SOLTERO,25,0,343,1,14.666,35.51666667,0.757893842,107.34,1,AYUDANTE ,0.833333333,14.666,0,0,114.8538,120.2208,7.5138,12.8808
6839,53,1,0,SOLTERO,75,0,1339,1,18.113,49.95,-0.94734925,113.45,1,AYUDANTE ,0.333333333,17.974,33,10.04872107,121.3915,127.064,7.9415,13.614
5646,56,0,1,SOLTERO,51,0,2193,1,12.894,23.85,-1.189789418,113.45,1,AYUDANTE ,0.166666667,12.894,20,6.835269993,121.3915,127.064,7.9415,13.614
8164,23,1,0,SOLTERO,72,0,16,1,2.322,7.983333333,-0.315604227,107.34,1,AYUDANTE ,0.5,2.322,0,0,114.8538,120.2208,7.5138,12.8808
8011,35,1,0,CASADO,52,0,152,1,22.644,48.63333333,0.472493436,160.97,2,COCINERO,0.833333333,21.065,0,0,172.2379,180.2864,11.2679,19.3164
7708,35,1,0,SOLTERO,60,0,490,1,1.238,4.066666667,0.002730171,113.45,1,AYUDANTE ,0.5,1.238,0,0,121.3915,127.064,7.9415,13.614
7869,51,1,0,SOLTERO,87,0,282,1,#N/A,#N/A,#N/A,120.58,1,AYUDANTE ,0,4.745,0,NA,129.0206,135.0496,8.4406,14.4696
7973,44,1,0,SOLTERO,81,0,190,1,15.799,26.33333333,-0.366200797,107.34,1,AYUDANTE ,0.5,15.799,37,8.786511517,114.8538,120.2208,7.5138,12.8808
8012,41,1,0,SOLTERO,45,0,152,1,12.579,26.81666667,0.088895681,107.34,1,AYUDANTE ,0.833333333,10.64,0,0,114.8538,120.2208,7.5138,12.8808
8166,36,1,0,CASADO,81,0,16,1,10.318,31.78333333,-0.393892984,107.34,1,AYUDANTE ,0.5,10.318,35,27.55905512,114.8538,120.2208,7.5138,12.8808
7530,35,1,0,SOLTERO,5,0,749,1,12.996,27.6,-0.147222021,113.45,1,AYUDANTE ,0.5,12.996,0,0,121.3915,127.064,7.9415,13.614
8151,22,0,1,SOLTERO,50,0,28,1,11.601,17.9,-0.904237626,107.34,1,AYUDANTE ,0.333333333,11.601,36,11.70351105,114.8538,120.2208,7.5138,12.8808
8124,31,0,1,SOLTERO,50,0,49,1,10.149,24.28333333,-0.871711472,107.34,1,AYUDANTE ,0.333333333,10.149,59,18.55929538,114.8538,120.2208,7.5138,12.8808
8077,25,0,1,SOLTERO,5,0,93,1,10.676,30.46666667,-1.094890677,107.34,1,AYUDANTE ,0.166666667,10.676,21,7.304347826,114.8538,120.2208,7.5138,12.8808
8076,25,0,1,SOLTERO,81,0,91,1,20.168,35.95,-0.658305595,160.97,2,COCINERO,0.333333333,20.168,68,11.85908615,172.2379,180.2864,11.2679,19.3164
6028,54,0,1,SOLTERO,11,0,1800,1,18.703,37.86666667,-0.992368972,166.79,2,SUPERVISOR,0.166666667,14.484,70,15.14168289,178.4653,186.8048,11.6753,20.0148
6565,33,0,1,SOLTERO,52,0,1513,1,6.856,21.05,-0.313754751,113.45,1,AYUDANTE ,0.5,6.856,42,6.497524752,121.3915,127.064,7.9415,13.614
3676,58,1,0,DIVORCIADO,80,0,3676,1,16.984,34.2,-0.085765739,176.52,2,COCINERO,0.5,16.984,0,0,188.8764,197.7024,12.3564,21.1824
8165,23,0,1,SOLTERO,81,0,15,1,15.372,26.06666667,-0.741870809,107.34,1,AYUDANTE ,0.333333333,15.372,0,0,114.8538,120.2208,7.5138,12.8808
3221,54,0,1,CASADO,11,0,506,1,5.146,13.93333333,-0.123095317,164.2,2,COCINERO,0.5,13.202,86,18.10145233,175.694,183.904,11.494,19.704
7779,50,1,0,CASADO,52,0,397,1,8.185,18.5,-0.684679015,138.68,1,COCINERO,0.333333333,8.185,80,6.93962526,148.3876,155.3216,9.7076,16.6416
7942,53,1,0,CASADO,88,0,216,1,4.387,10.46666667,-0.090908055,107.34,1,AYUDANTE ,0.5,6.063,0,0,114.8538,120.2208,7.5138,12.8808
7845,21,0,1,SOLTERO,54,0,301,1,6.717,16.56666667,-0.176425777,127.72,1,AYUDANTE ,0.5,6.717,0,0,136.6604,143.0464,8.9404,15.3264
7996,45,1,0,SOLTERO,50,0,163,1,4.808,14.45,-0.697708341,107.34,1,AYUDANTE ,0.333333333,4.808,81,11.73742936,114.8538,120.2208,7.5138,12.8808
2522,67,1,0,SOLTERO,45,0,2421,1,27.122,45.81666667,0.783742363,113.45,1,AYUDANTE ,0.833333333,22.055,0,0,121.3915,127.064,7.9415,13.614
8125,32,1,0,CASADO,59,0,48,1,3.203,7.666666667,NA,107.34,1,AYUDANTE ,0,3.203,0,NA,114.8538,120.2208,7.5138,12.8808
8154,26,1,0,SOLTERO,52,0,21,1,5.424,18.1,0.344383894,107.34,1,AYUDANTE ,0.833333333,5.424,27,7.848837209,114.8538,120.2208,7.5138,12.8808
7080,49,1,0,SOLTERO,87,0,1157,1,#N/A,#N/A,#N/A,177.85,2,COCINERO,0,10.763,0,NA,190.2995,199.192,12.4495,21.342
5965,52,1,0,SOLTERO,72,0,1595,1,6.326,15.61666667,-0.183028392,152.59,2,COCINERO,0.5,6.326,0,0,163.2713,170.9008,10.6813,18.3108
5447,54,1,0,SOLTERO,83,0,2361,1,24.951,35.05,-0.908064849,127.72,1,AYUDANTE ,0.333333333,24.438,0,0,136.6604,143.0464,8.9404,15.3264
6685,54,1,0,SOLTERO,73,0,1450,1,7.306,23.23333333,-0.930703887,113.45,1,AYUDANTE ,0.333333333,7.306,0,0,121.3915,127.064,7.9415,13.614
8056,40,1,0,CASADO,56,0,114,1,14.336,31.15,-0.014531249,160.97,2,COCINERO,0.5,119.583,0,0,172.2379,180.2864,11.2679,19.3164
5549,56,1,0,SOLTERO,45,0,2277,1,4.794,13.58333333,-0.811349407,113.45,1,AYUDANTE ,0.333333333,3.959,62,18.55731817,121.3915,127.064,7.9415,13.614
8117,43,1,0,CASADO,37,0,58,1,3.929,15.76666667,-0.665056013,107.34,1,AYUDANTE ,0.333333333,4.27,49,11.04100946,114.8538,120.2208,7.5138,12.8808
854,55,1,0,SOLTERO,5,0,2833,1,13.307,34.56666667,0.344383894,207.38,3,COCINERO,0.833333333,12.301,27,7.848837209,221.8966,232.2656,14.5166,24.8856
7295,45,1,0,CASADO,57,0,982,1,2.684,12.56666667,0.460181809,113.45,1,AYUDANTE ,0.833333333,2.684,0,0,121.3915,127.064,7.9415,13.614
8133,21,1,0,SOLTERO,52,0,42,1,2.478,8.583333333,0.113418979,107.34,1,AYUDANTE ,0.833333333,2.478,49,7.790143084,114.8538,120.2208,7.5138,12.8808
4807,63,1,0,CASADO,6,0,2806,1,NA,NA,-0.068983564,523.38,5,GERENTE ,0.5,33.178,0,0,560.0166,586.1856,36.6366,62.8056
8160,25,1,0,SOLTERO,73,0,19,1,9.094,29.41666667,-0.9794659,107.34,1,AYUDANTE ,0.166666667,9.094,0,0,114.8538,120.2208,7.5138,12.8808
8153,32,1,0,SOLTERO,54,0,26,1,7.274,17.46666667,0.130013586,107.34,1,AYUDANTE ,0.833333333,7.274,0,0,114.8538,120.2208,7.5138,12.8808
3169,63,1,0,SOLTERO,76,0,4086,1,12.123,23.25,-0.366009927,113.45,1,AYUDANTE ,0.5,12.123,0,0,121.3915,127.064,7.9415,13.614
4514,58,1,0,CASADO,54,0,2977,1,7.937,24,-1.209615732,176.52,2,COCINERO,0.166666667,7.937,0,0,188.8764,197.7024,12.3564,21.1824
7814,42,1,0,SOLTERO,81,0,345,1,15.696,39.13333333,-0.996838508,127.72,1,AYUDANTE ,0.166666667,10.365,0,0,136.6604,143.0464,8.9404,15.3264
7754,53,1,0,VIUDO,61,0,288,1,6.445,17.95,0.168775942,112.71,1,AYUDANTE ,0.833333333,6.445,0,0,120.5997,126.2352,7.8897,13.5252
6014,51,1,0,SOLTERO,75,0,1814,1,11.263,26.96666667,-0.640312377,176.52,2,COCINERO,0.333333333,11.834,22,6.211180124,188.8764,197.7024,12.3564,21.1824
8159,38,1,0,CASADO,56,0,21,1,0.892,2.666666667,-0.366011062,107.34,1,AYUDANTE ,0.5,0.892,37,7.459677419,114.8538,120.2208,7.5138,12.8808
3827,39,0,1,SOLTERO,5,0,3501,1,1.541,5.116666667,-0.900912665,120.58,1,AYUDANTE ,0.333333333,1.541,162,31.05828221,129.0206,135.0496,8.4406,14.4696
8103,39,1,0,SOLTERO,79,0,72,1,4.679,12.9,-0.504048611,107.34,1,AYUDANTE ,0.5,4.679,0,0,114.8538,120.2208,7.5138,12.8808
8054,0,0,1,SOLTERO,81,0,114,1,3.837,14.26666667,-0.91798403,107.34,1,AYUDANTE ,0.333333333,3.837,6,3.307607497,114.8538,120.2208,7.5138,12.8808
5412,44,1,0,SOLTERO,3,0,1794,1,2.202,7.583333333,-1.185895292,113.45,1,AYUDANTE ,0.166666667,2.202,77,28.18448023,121.3915,127.064,7.9415,13.614
7395,25,1,0,SOLTERO,87,0,877,1,3.745,6.966666667,NA,120.58,1,AYUDANTE ,0,5.352,0,NA,129.0206,135.0496,8.4406,14.4696
214,45,1,0,SOLTERO,6,0,1038,1,NA,NA,-0.474807523,523.38,5,GERENTE ,0.5,24.331,0,0,560.0166,586.1856,36.6366,62.8056
7849,48,1,0,SOLTERO,74,0,300,1,32.277,69.11666667,-0.272196044,107.34,1,AYUDANTE ,0.5,32.265,5,3.787878788,114.8538,120.2208,7.5138,12.8808
5232,55,1,0,SOLTERO,50,0,1394,1,10.317,31.38333333,-1.112425792,196.86,2,COCINERO,0.166666667,10.615,55,18.82272416,210.6402,220.4832,13.7802,23.6232
8019,21,1,0,SOLTERO,4,0,146,1,8.516,17.4,-0.171947102,107.34,1,AYUDANTE ,0.5,8.516,0,0,114.8538,120.2208,7.5138,12.8808
4958,54,1,0,SOLTERO,57,0,2722,1,4.636,17.33333333,0.11618756,113.45,1,AYUDANTE ,0.833333333,4.636,0,0,121.3915,127.064,7.9415,13.614
3979,43,0,1,CASADO,6,0,3390,1,NA,NA,0.113418979,463.6,5,GERENTE ,0.833333333,30.786,49,7.790143084,496.052,519.232,32.452,55.632
442,52,0,1,SOLTERO,5,0,7601,1,20.385,41.96666667,-0.505153413,179.35,2,ALMACENISTA,0.5,20.385,0,0,191.9045,200.872,12.5545,21.522
8134,18,1,0,SOLTERO,52,0,42,1,3,7.6,-0.652797246,107.34,1,AYUDANTE ,0.333333333,3,29,9.306803594,114.8538,120.2208,7.5138,12.8808
7330,50,0,1,SOLTERO,5,0,953,1,30.429,56.13333333,-0.749319904,145.32,1,COCINERO,0.333333333,43.29,0,NA,155.4924,162.7584,10.1724,17.4384
8101,53,1,0,SOLTERO,5,0,72,1,5.108,16.73333333,-0.634631204,107.34,1,AYUDANTE ,0.333333333,5.108,21,4.002287021,114.8538,120.2208,7.5138,12.8808
7846,27,1,0,SOLTERO,54,0,301,1,4.047,11.51666667,-0.919725272,127.72,1,AYUDANTE ,0.333333333,1.337,0,0,136.6604,143.0464,8.9404,15.3264
8091,45,1,0,CASADO,4,0,83,1,16.291,31.53333333,0.170723607,107.34,1,AYUDANTE ,0.833333333,15.472,0,0,114.8538,120.2208,7.5138,12.8808
8167,30,1,0,SOLTERO,51,0,14,1,14.382,23.3,-0.447975992,107.34,1,AYUDANTE ,0.5,14.382,58,13.45083488,114.8538,120.2208,7.5138,12.8808
8131,21,0,1,CASADO,50,0,43,1,6.936,20.18333333,0.063923857,107.34,1,AYUDANTE ,0.833333333,7.234,45,12.77683135,114.8538,120.2208,7.5138,12.8808
8157,46,1,0,SOLTERO,5,0,23,1,6.274,17.46666667,-0.50074742,107.34,1,AYUDANTE ,0.5,6.274,74,23.2485077,114.8538,120.2208,7.5138,12.8808
7298,31,1,0,SOLTERO,74,0,975,1,20.243,51.81666667,-0.276642945,195.68,2,SUPERVISOR,0.5,20.243,21,46.5631929,209.3776,219.1616,13.6976,23.4816
7963,44,1,0,SOLTERO,73,0,198,1,#N/A,#N/A,#N/A,107.34,1,AYUDANTE ,0,10.222,0,NA,114.8538,120.2208,7.5138,12.8808
5396,48,1,0,SOLTERO,76,0,1952,1,17.808,35.46666667,1.594646053,113.45,1,AYUDANTE ,1,21.662,0,0,121.3915,127.064,7.9415,13.614
7989,32,0,1,SOLTERO,81,0,173,1,3.837,14.26666667,-0.91798403,107.34,1,AYUDANTE ,0.333333333,3.837,6,3.307607497,114.8538,120.2208,7.5138,12.8808
6203,52,1,0,SOLTERO,87,0,1423,1,4.856,7.066666667,NA,120.58,1,AYUDANTE ,0,2.37,0,NA,129.0206,135.0496,8.4406,14.4696
7226,54,1,0,SOLTERO,82,0,1027,1,17.066,30.21666667,-0.176425777,127.72,1,AYUDANTE ,0.5,6.903,0,0,136.6604,143.0464,8.9404,15.3264
7885,30,0,1,SOLTERO,76,0,267,1,5.154,13.91666667,0.850314647,107.34,1,AYUDANTE ,0.833333333,5.154,0,0,114.8538,120.2208,7.5138,12.8808
3326,51,1,0,CASADO,57,0,868,1,10.067,22.98333333,-0.487103215,196.86,2,COCINERO,0.5,9.704,69,15.38461538,210.6402,220.4832,13.7802,23.6232
449,49,0,1,SOLTERO,5,0,10920,1,6.461,16.5,-0.859252108,127.72,1,AYUDANTE ,0.333333333,6.461,251,29.07784986,136.6604,143.0464,8.9404,15.3264
6934,59,1,0,SOLTERO,6,0,1283,1,NA,NA,-1.275735704,411.35,4,GERENTE ,0.166666667,8.814,61,33.00865801,440.1445,460.712,28.7945,49.362
7137,43,0,1,SOLTERO,50,0,1113,1,6.82,17.33333333,-0.215362078,177.85,2,COCINERO,0.5,11.889,0,0,190.2995,199.192,12.4495,21.342
6682,23,0,1,SOLTERO,6,0,996,1,NA,NA,-1.045938838,107.34,1,AYUDANTE ,0.166666667,17.442,36,17.91936287,114.8538,120.2208,7.5138,12.8808
1269,52,0,1,SOLTERO,3,0,7111,1,29.25,51,-0.456244718,113.45,1,AYUDANTE ,0.5,29.25,31,9.666354849,121.3915,127.064,7.9415,13.614
7890,60,1,0,SOLTERO,50,0,265,1,3.61,11.65,-0.302646161,107.34,1,AYUDANTE ,0.5,3.61,177,220.1492537,114.8538,120.2208,7.5138,12.8808
8031,39,1,0,SOLTERO,76,0,133,1,6.285,18.08333333,0.774233037,107.34,1,AYUDANTE ,0.833333333,6.285,0,0,114.8538,120.2208,7.5138,12.8808
1419,39,1,0,SOLTERO,51,0,1562,1,5.333,20.21666667,-0.697708341,207.38,3,COCINERO,0.333333333,5.331,81,11.73742936,221.8966,232.2656,14.5166,24.8856
8067,20,0,1,SOLTERO,51,0,107,1,8.467,25,-0.263492611,107.34,1,AYUDANTE ,0.5,14.557,21,4.805491991,114.8538,120.2208,7.5138,12.8808
8169,36,1,0,SOLTERO,79,0,12,1,4.237,15.45,0.26269968,107.34,1,AYUDANTE ,0.833333333,4.758,0,0,114.8538,120.2208,7.5138,12.8808
3525,54,1,0,SOLTERO,68,0,814,1,4.024,15.78333333,-0.35553836,146.35,1,COCINERO,0.5,5.857,89,12.62590438,156.5945,163.912,10.2445,17.562
8036,40,1,0,SOLTERO,52,0,132,1,27.376,57.56666667,-0.404005052,107.34,1,AYUDANTE ,0.5,22.923,0,0,114.8538,120.2208,7.5138,12.8808
6885,50,1,0,SOLTERO,52,0,1314,1,2.478,8.583333333,0.113418979,113.45,1,AYUDANTE ,0.833333333,2.478,49,7.790143084,121.3915,127.064,7.9415,13.614
7907,28,1,0,SOLTERO,76,0,247,1,13.969,27.81666667,2.034141644,428.63,5,GERENTE ,1,13.969,0,0,458.6341,480.0656,30.0041,51.4356
8146,52,1,0,SOLTERO,76,0,34,1,5.238,10.11666667,-0.187568093,107.34,1,AYUDANTE ,0.5,5.238,0,0,114.8538,120.2208,7.5138,12.8808
4775,53,1,0,SOLTERO,74,0,2815,1,12.899,19.28333333,-0.643511185,113.45,1,AYUDANTE ,0.333333333,11.041,33,7.354579897,121.3915,127.064,7.9415,13.614
8069,28,1,0,SOLTERO,45,0,103,1,9.218,12.66666667,-0.908064849,219.68,3,SUPERVISOR,0.333333333,10.493,0,0,235.0576,246.0416,15.3776,26.3616
4832,44,1,0,SOLTERO,59,0,1857,1,6.769,12.88333333,-0.000566832,113.45,1,AYUDANTE ,0.5,6.769,0,0,121.3915,127.064,7.9415,13.614
3321,54,0,1,CASADO,4,0,3347,1,12.108,22.48333333,0.316388984,244.28,3,JEFE ,0.833333333,12.108,0,0,261.3796,273.5936,17.0996,29.3136
624,53,1,0,SOLTERO,83,0,8686,1,13.809,25.35,-1.130006545,258.74,3,JEFE ,0.166666667,13.809,21,25.86206897,276.8518,289.7888,18.1118,31.0488
4385,46,1,0,SOLTERO,81,0,3079,1,16.323,44.28333333,0.314043979,177.85,2,COCINERO,0.833333333,18.906,0,0,190.2995,199.192,12.4495,21.342
8135,56,1,0,VIUDO,83,0,42,1,15.245,27.16666667,0.172689659,107.34,1,AYUDANTE ,0.833333333,12.733,0,0,114.8538,120.2208,7.5138,12.8808
366,50,1,0,CASADO,6,0,2942,1,NA,NA,-0.709323044,412.94,5,GERENTE ,0.333333333,35.106,54,13.62948006,441.8458,462.4928,28.9058,49.5528
6206,47,1,0,SOLTERO,73,0,1694,1,15.193,35.23333333,-0.743247184,152.59,2,COCINERO,0.333333333,15.193,0,0,163.2713,170.9008,10.6813,18.3108
7618,27,1,0,SOLTERO,5,0,610,1,21.614,49.6,0.610341841,113.45,1,AYUDANTE ,0.833333333,20.132,0,0,121.3915,127.064,7.9415,13.614
