codigo_x,prediction,actual
7840,0,0
7505,0,0
6600,0,1
7685,1,1
7331,0,0
5933,0,1
7170,0,1
7774,0,0
5201,0,1
3890,1,1
7834,1,1
3652,0,0
1123,1,1
4044,1,0
7593,0,0
7259,0,1
7312,0,0
7338,0,1
5677,0,1
7737,0,0
6210,1,0
6213,0,0
7812,0,0
849,0,1
7536,0,1
7430,0,0
5181,0,1
7655,0,0
7057,1,0
5558,0,1
4746,1,0
7663,0,1
7407,0,0
7828,0,0
7773,0,1
7839,1,0
1424,0,1
5280,0,1
7742,0,0
6461,0,1
6765,1,1
7694,1,0
7752,0,0
6657,0,0
5000,1,1
5644,0,1
6638,0,1
7800,0,1
6690,0,1
7168,1,1
4233,0,0
7786,0,0
4314,1,1
7632,0,1
6504,0,0
7801,0,0
7604,0,0
7061,1,0
7805,1,0
7633,0,1
7428,0,0
2897,1,1
7558,1,0
6360,1,0
7614,0,1
3318,1,1
7706,1,0
7804,1,1
5139,0,0
6083,1,1
6766,1,1
4137,1,1
7542,0,1
7756,0,0
7759,0,0
3780,1,1
6205,0,1
5027,1,1
7791,1,0
7818,0,1
7815,1,1
7838,1,0
6839,1,1
5646,1,1
7750,0,0
7708,0,1
7833,0,0
5679,0,0
7530,1,1
6028,1,1
6565,1,1
7731,1,0
7753,0,0
3676,0,1
3221,1,1
7741,1,0
7779,0,1
7269,0,0
2522,1,1
236,1,0
7080,0,1
5965,0,1
5447,1,1
7723,0,0
6685,0,1
5549,0,1
854,1,1
7295,0,1
6832,1,0
4807,1,1
6821,1,0
3169,0,1
4514,0,1
7814,0,1
7104,1,0
7754,0,1
7717,1,0
6014,0,1
7775,1,0
7783,0,0
7551,0,0
7715,1,0
3827,1,1
5412,0,1
4504,1,0
7395,0,1
214,1,1
6321,0,0
5232,0,1
4958,0,1
3979,0,1
442,1,1
7699,0,0
7330,0,1
7719,0,0
7841,0,0
7421,0,0
7776,0,0
7823,0,0
7298,1,1
7758,0,0
5396,1,1
5704,0,0
7503,0,0
7588,0,0
7821,0,0
5588,0,0
6203,0,1
6582,0,0
7392,0,0
7226,0,1
7664,0,0
7766,0,0
3326,0,1
449,1,1
6934,1,1
7770,0,0
7137,1,1
6682,1,1
1269,0,1
6006,0,0
1419,1,1
3525,0,1
6885,0,1
4775,0,1
7528,0,0
4832,0,1
7836,0,0
7824,0,0
3321,1,1
2112,0,0
624,1,1
6877,0,0
4385,1,1
7378,0,0
366,1,1
7755,0,0
6206,1,1
4366,1,0
4366,1,0
366,1,1
366,1,1
7618,1,1
7840,0,0
7505,0,0
6600,0,1
7685,1,1
7331,0,0
5933,0,1
7170,0,1
7774,0,0
5201,0,1
3890,1,1
7834,0,1
7851,0,0
3652,0,0
1123,1,1
4044,1,0
7593,0,0
7259,0,1
7312,0,0
7338,0,1
5677,0,1
7737,0,0
6210,1,0
6213,0,0
7812,0,0
849,0,1
7536,0,1
7430,0,0
5181,0,1
7655,0,0
7057,1,0
5558,0,1
4746,1,0
7663,0,1
7407,0,0
7828,0,0
7773,0,1
7839,1,0
1424,0,1
5280,0,1
7742,0,0
6461,0,1
6765,1,1
7694,1,0
6657,0,0
5000,0,1
5644,0,1
6638,0,1
7800,0,1
6690,0,1
7168,0,1
4233,1,0
7786,0,0
4314,1,1
7843,1,0
7848,0,1
7632,0,1
6504,0,0
7842,1,0
7801,0,0
7604,0,0
7061,0,0
7805,0,0
7847,0,0
7633,0,1
7428,0,0
2897,1,1
7558,1,0
6360,0,0
7614,0,1
3318,1,1
7706,1,0
7804,1,1
5139,0,0
6083,1,1
6766,1,1
4137,1,1
7542,0,1
7756,0,0
7759,0,0
3780,1,1
6205,0,1
5027,1,1
7791,1,0
7818,0,1
7815,1,1
6839,1,1
5646,1,1
7708,0,1
7833,0,0
5679,0,0
7530,1,1
6028,1,1
6565,1,1
7731,0,0
7753,0,0
3676,0,1
3221,1,1
7741,1,0
7779,0,1
7269,0,0
7844,0,0
7845,0,1
2522,1,1
236,1,0
7080,0,1
5965,0,1
5447,1,1
6685,0,1
5549,0,1
854,1,1
7295,0,1
6832,1,0
4807,1,1
6821,1,0
7850,0,0
3169,0,1
4514,0,1
7814,0,1
7104,1,0
7754,0,1
7717,1,0
6014,0,1
7775,1,0
7783,0,0
7551,0,0
7715,1,0
3827,1,1
5412,0,1
4504,1,0
7395,0,1
214,1,1
7849,1,1
7849,1,1
849,0,1
849,0,1
6321,0,0
5232,0,1
4958,0,1
3979,0,1
442,1,1
7699,0,0
7330,0,1
7719,0,0
7841,0,0
7846,0,1
7421,0,0
7776,0,0
7823,0,0
7298,1,1
7758,0,0
5396,1,1
5704,0,0
7503,0,0
7588,0,0
7821,0,0
5588,0,0
6203,0,1
6582,0,0
7392,0,0
7226,0,1
7664,0,0
7766,0,0
3326,0,1
449,1,1
6934,1,1
7770,0,0
7137,1,1
6682,1,1
1269,0,1
6006,0,0
1419,0,1
3525,0,1
6885,0,1
4775,0,1
7528,0,0
4832,0,1
7836,0,0
7824,0,0
3321,1,1
2112,0,0
624,0,1
6877,0,0
4385,1,1
7378,0,0
366,1,1
7755,0,0
6206,1,1
4366,1,0
4366,1,0
366,1,1
366,1,1
7618,0,1
7840,0,0
7505,0,0
6600,0,1
7685,1,1
7331,0,0
5933,0,1
7170,0,1
5201,0,1
3890,1,1
7834,0,1
7851,1,0
3652,0,0
1123,1,1
4044,1,0
7593,0,0
7259,0,1
7312,0,0
7338,0,1
5677,0,1
7737,0,0
4008,1,0
6210,1,0
6213,0,0
7812,0,0
849,0,1
7536,0,1
7430,0,0
5181,0,1
7655,0,0
7057,1,0
5558,0,1
4746,1,0
7663,0,1
7407,0,0
7828,0,0
7773,0,1
7839,1,0
1424,0,1
5280,0,1
7742,0,0
7853,0,0
6461,0,1
6765,1,1
7694,1,0
6657,0,0
5000,0,1
5644,0,1
6638,0,1
7800,0,1
6690,0,1
7168,0,1
7786,0,0
4314,1,1
7843,1,0
7848,0,1
7632,0,1
6504,0,0
7842,1,0
7801,0,0
7604,0,0
7061,1,0
7805,0,0
7847,1,0
7633,0,1
7428,0,0
2897,1,1
7558,1,0
6360,0,0
7614,0,1
3318,1,1
7706,0,0
7804,1,1
5139,0,0
6083,1,1
6766,1,1
4137,1,1
7542,0,1
7756,0,0
3780,1,1
6205,0,1
5027,1,1
7791,1,0
7818,0,1
7815,1,1
6839,1,1
5646,1,1
7708,0,1
7852,0,0
7833,0,0
5679,0,0
7530,1,1
6028,1,1
6565,1,1
7731,0,0
7753,0,0
3676,0,1
3221,1,1
7741,1,0
7779,0,1
7269,0,0
7844,0,0
7845,0,1
2522,1,1
236,1,0
7080,0,1
5965,0,1
5447,1,1
6685,0,1
5549,0,1
854,1,1
7295,0,1
6832,1,0
4807,1,1
6821,1,0
7850,0,0
3169,0,1
4514,0,1
7814,0,1
7104,1,0
7754,0,1
7717,1,0
6014,0,1
7775,1,0
7551,0,0
7715,1,0
3827,1,1
5412,0,1
4504,1,0
7395,0,1
214,1,1
7849,1,1
7849,1,1
849,0,1
849,0,1
6321,0,0
5232,0,1
4958,0,1
3979,0,1
7854,0,0
7854,0,0
854,1,1
854,1,1
442,1,1
7699,0,0
7330,0,1
7719,0,0
7841,0,0
7846,0,1
7421,0,0
7776,0,0
7823,0,0
7298,1,1
7758,0,0
5396,1,1
5704,0,0
7503,0,0
7588,0,0
7821,0,0
5588,0,0
6203,0,1
6582,0,0
7392,0,0
7226,0,1
7664,0,0
3326,0,1
449,1,1
6934,1,1
7137,1,1
6682,1,1
1269,0,1
6006,0,0
1419,0,1
3525,0,1
7855,1,0
6885,0,1
4775,0,1
7528,0,0
4832,0,1
7836,0,0
7824,0,0
3321,1,1
2112,0,0
624,0,1
6877,0,0
4385,1,1
7378,0,0
366,1,1
7755,0,0
6206,1,1
4366,1,0
4366,1,0
366,1,1
366,1,1
7618,1,1
7840,0,0
7505,0,0
6600,0,1
7685,1,1
7331,0,0
5933,0,1
7170,0,1
5201,0,1
3890,1,1
7834,0,1
7851,1,0
3652,0,0
1123,1,1
4044,1,0
7593,0,0
7865,0,0
7866,0,0
7259,0,1
7312,0,0
7338,0,1
5677,0,1
7737,0,0
4008,1,0
6210,1,0
6213,0,0
7812,0,0
849,0,1
7536,0,1
7430,0,0
5181,0,1
7655,0,0
7858,0,0
7057,1,0
5558,0,1
4746,1,0
7663,1,1
7407,0,0
7828,0,0
7773,0,1
7839,1,0
1424,0,1
5280,0,1
7742,0,0
7853,0,0
6461,0,1
6765,1,1
7694,1,0
6657,0,0
5000,0,1
5644,0,1
6638,0,1
7800,0,1
6690,0,1
7861,0,0
7168,0,1
7786,0,0
4314,1,1
7843,0,0
7848,0,1
7632,1,1
6504,0,0
7842,0,0
7801,0,0
7604,0,0
7061,1,0
7805,0,0
7847,1,0
7633,0,1
7428,0,0
2897,1,1
7558,1,0
6360,0,0
7614,0,1
3318,1,1
7706,0,0
7804,1,1
5139,0,0
6083,1,1
6766,1,1
4137,1,1
7542,0,1
7756,0,0
3780,1,1
6205,0,1
5027,1,1
7791,1,0
7818,0,1
7815,1,1
6839,1,1
5646,1,1
7708,0,1
7852,0,0
7833,0,0
5679,0,0
7530,1,1
6028,1,1
6565,1,1
7731,0,0
7753,0,0
3676,0,1
3221,1,1
7741,1,0
7779,0,1
7269,0,0
7844,0,0
7845,0,1
2522,1,1
7856,1,0
236,1,0
7080,0,1
5965,0,1
5447,1,1
6685,0,1
5549,0,1
7860,0,0
854,1,1
7295,0,1
6832,1,0
4807,1,1
6821,1,0
7850,0,0
7862,0,0
3169,0,1
4514,0,1
7814,0,1
7104,1,0
7754,0,1
7717,1,0
6014,0,1
7775,1,0
7551,0,0
7715,1,0
3827,1,1
5412,0,1
4504,1,0
7395,0,1
214,1,1
7849,1,1
6321,0,0
5232,0,1
4958,0,1
3979,0,1
7854,0,0
442,1,1
7699,0,0
7857,0,0
7330,0,1
7719,0,0
7841,0,0
7846,0,1
7421,0,0
7776,0,0
7823,0,0
7298,1,1
7758,0,0
5396,0,1
5704,0,0
7503,0,0
7588,0,0
7821,0,0
5588,0,0
6203,0,1
6582,0,0
7392,0,0
7226,0,1
7664,0,0
3326,0,1
449,1,1
7863,0,0
6934,1,1
7137,1,1
6682,1,1
1269,0,1
7864,0,0
6006,0,0
1419,0,1
3525,0,1
7859,0,0
7855,1,0
6885,0,1
4775,0,1
7528,0,0
4832,0,1
7836,0,0
7824,0,0
3321,1,1
2112,0,0
624,0,1
6877,0,0
4385,1,1
7378,0,0
366,1,1
7755,0,0
6206,1,1
4366,1,0
7618,1,1
7840,0,0
7505,0,0
6600,0,1
7685,1,1
7331,0,0
5933,0,1
7170,1,1
5201,0,1
3890,1,1
7834,1,1
7851,1,0
7867,0,0
3652,0,0
1123,1,1
4044,1,0
7593,1,0
7865,0,0
7866,0,0
7259,0,1
7312,0,0
7338,1,1
5677,0,1
7737,0,0
4008,1,0
6210,1,0
6213,0,0
7812,0,0
849,0,1
7536,0,1
7430,0,0
5181,0,1
7655,0,0
7858,0,0
7057,1,0
5558,0,1
4746,1,0
7663,1,1
7407,0,0
7828,0,0
7773,0,1
7839,1,0
1424,0,1
5280,0,1
7742,0,0
7853,0,0
6461,0,1
6765,1,1
7694,0,0
5000,1,1
5644,0,1
6638,1,1
7800,0,1
6690,0,1
7168,0,1
7786,0,0
4314,1,1
7848,0,1
7632,1,1
6504,0,0
7801,0,0
7604,0,0
7061,1,0
7805,0,0
7847,1,0
7633,1,1
7428,0,0
2897,1,1
7871,0,0
7558,1,0
6360,0,0
7614,0,1
3318,1,1
7804,1,1
5139,0,0
6083,1,1
6766,1,1
4137,1,1
7542,0,1
7756,0,0
3780,1,1
6205,0,1
5027,1,1
7791,1,0
7818,0,1
7815,1,1
6839,1,1
5646,1,1
7708,0,1
7869,0,1
7852,0,0
5679,0,0
7530,1,1
6028,1,1
6565,1,1
7753,0,0
3676,0,1
3221,1,1
7741,1,0
7779,0,1
7269,0,0
7844,0,0
7845,0,1
2522,1,1
7856,1,0
236,1,0
7080,0,1
5965,0,1
5447,1,1
6685,1,1
5549,0,1
7860,0,0
854,1,1
7295,1,1
6832,1,0
4807,1,1
6821,1,0
7870,0,0
7850,0,0
7862,0,0
3169,0,1
4514,0,1
7814,0,1
7104,1,0
7754,0,1
7717,1,0
6014,0,1
7775,1,0
7551,0,0
7715,1,0
3827,1,1
5412,0,1
4504,1,0
7395,0,1
214,1,1
7849,1,1
6321,0,0
5232,1,1
4958,1,1
3979,0,1
7854,0,0
442,1,1
7699,0,0
7857,0,0
7330,0,1
7719,0,0
7846,0,1
7421,0,0
7776,0,0
7823,0,0
7298,1,1
7758,0,0
5396,1,1
5704,0,0
7503,0,0
7588,0,0
7821,0,0
5588,0,0
6203,0,1
6582,1,0
7392,0,0
7226,0,1
7664,0,0
3326,0,1
449,1,1
7863,0,0
6934,1,1
7137,1,1
6682,1,1
1269,0,1
6006,0,0
1419,1,1
7868,0,0
3525,0,1
7859,0,0
7855,1,0
6885,1,1
4775,0,1
7528,0,0
4832,0,1
7836,0,0
7824,1,0
3321,1,1
2112,0,0
624,0,1
6877,0,0
4385,1,1
7378,0,0
366,1,1
6206,1,1
4366,1,0
7618,1,1
7505,0,0
6600,0,1
7685,1,1
7331,0,0
5933,0,1
7170,0,1
5201,0,1
3890,1,1
7834,1,1
7851,1,0
3652,0,0
1123,1,1
4044,1,0
7593,0,0
7865,0,0
7259,0,1
7312,0,0
7338,1,1
5677,0,1
7737,0,0
4008,0,0
6210,1,0
6213,0,0
7812,0,0
849,0,1
7536,0,1
7430,0,0
5181,0,1
7655,0,0
7057,1,0
5558,0,1
4746,1,0
7663,0,1
7407,0,0
7828,0,0
7773,0,1
7839,1,0
1424,0,1
5280,0,1
7742,0,0
7853,0,0
6461,0,1
6765,1,1
5000,1,1
5644,0,1
6638,0,1
7878,0,0
7800,0,1
6690,0,1
7168,0,1
7786,0,0
4314,1,1
7848,0,1
7632,0,1
7873,0,1
6504,0,0
7801,0,0
7604,0,0
7061,1,0
7847,1,0
7633,0,1
7428,0,0
2897,1,1
7871,1,0
7558,1,0
6360,1,0
7614,0,1
3318,1,1
7804,1,1
5139,0,0
6083,1,1
6766,1,1
4137,1,1
7542,0,1
7756,0,0
3780,1,1
6205,0,1
5027,1,1
7791,1,0
7818,0,1
7815,1,1
6839,1,1
5646,1,1
7708,0,1
7869,0,1
7852,0,0
5679,0,0
7530,1,1
6028,1,1
6565,0,1
7753,0,0
3676,0,1
3221,1,1
7741,1,0
7779,0,1
7269,0,0
7844,0,0
7876,0,0
7845,0,1
2522,1,1
7875,0,0
236,1,0
7080,0,1
5965,0,1
5447,1,1
6685,0,1
7877,0,0
5549,0,1
7874,0,0
7860,0,0
854,1,1
7295,0,1
6832,1,0
4807,1,1
6821,1,0
7850,0,0
7862,0,0
3169,0,1
4514,0,1
7814,0,1
7104,1,0
7754,0,1
7717,1,0
6014,0,1
7775,1,0
7551,0,0
7715,1,0
3827,1,1
5412,0,1
4504,1,0
7395,0,1
214,1,1
7849,1,1
6321,0,0
5232,0,1
4958,0,1
3979,0,1
7854,0,0
442,1,1
7699,0,0
7857,0,0
7330,0,1
7719,0,0
7846,0,1
7421,0,0
7776,0,0
7823,0,0
7298,1,1
7758,0,0
5396,0,1
5704,0,0
7503,0,0
7588,0,0
7821,0,0
5588,0,0
6203,0,1
6582,0,0
7392,0,0
7226,0,1
7664,0,0
3326,0,1
449,1,1
7863,0,0
6934,1,1
7137,1,1
6682,1,1
1269,0,1
6006,0,0
1419,1,1
7868,0,0
3525,0,1
7859,0,0
7855,1,0
6885,0,1
4775,0,1
7528,0,0
4832,0,1
7836,0,0
7824,0,0
3321,1,1
2112,0,0
624,0,1
6877,0,0
4385,1,1
7378,0,0
366,1,1
6206,1,1
4366,1,0
7618,1,1
7879,0,0
7505,0,0
6600,0,1
7685,1,1
7331,0,0
5933,0,1
7170,0,1
5201,0,1
3890,1,1
7834,0,1
7851,1,0
3652,0,0
1123,1,1
4044,1,0
7593,0,0
7865,0,0
7259,0,1
7312,0,0
7338,0,1
5677,0,1
7737,0,0
6210,0,0
6213,0,0
7812,0,0
849,0,1
7536,0,1
7430,0,0
5181,0,1
7655,0,0
7057,1,0
5558,0,1
4746,1,0
7663,0,1
7407,0,0
7828,0,0
7773,0,1
7839,1,0
1424,0,1
5280,0,1
7742,0,0
7883,0,0
7853,0,0
6461,0,1
6765,1,1
5000,1,1
5644,0,1
6638,0,1
7878,0,0
7800,0,1
6690,0,1
7168,0,1
7786,0,0
4314,1,1
7848,0,1
7632,1,1
7881,0,0
7873,0,1
6504,0,0
7801,0,0
7604,0,0
7061,1,0
7847,0,0
7884,0,0
7633,0,1
2897,1,1
7871,1,0
7558,1,0
6360,0,0
7614,0,1
3318,1,1
7804,1,1
5139,0,0
6083,1,1
6766,1,1
7888,0,0
4137,1,1
7542,0,1
7756,0,0
3780,1,1
6205,0,1
5027,1,1
7791,0,0
7818,0,1
7815,1,1
6839,1,1
5646,1,1
7708,0,1
7869,0,1
7852,0,0
7882,0,0
5679,0,0
7530,1,1
6028,1,1
6565,0,1
7753,0,0
3676,0,1
3221,1,1
7741,1,0
7779,0,1
7269,0,0
7844,0,0
7876,0,0
7845,0,1
2522,1,1
7875,0,0
236,1,0
7080,0,1
5965,0,1
5447,1,1
7886,0,0
6685,0,1
7877,0,0
5549,0,1
7874,0,0
854,1,1
7295,0,1
6832,1,0
4807,1,1
6821,1,0
7850,0,0
3169,0,1
4514,0,1
7814,0,1
7104,1,0
7754,0,1
7717,1,0
6014,0,1
7775,1,0
7551,0,0
7715,1,0
3827,1,1
5412,0,1
4504,1,0
7395,0,1
214,1,1
7849,1,1
6321,0,0
5232,1,1
4958,0,1
7880,1,0
3979,0,1
7854,0,0
442,1,1
7699,0,0
7857,0,0
7330,0,1
7719,0,0
7846,0,1
7421,0,0
7776,0,0
7823,0,0
7298,1,1
7758,0,0
5396,0,1
5704,0,0
7503,0,0
7588,0,0
7821,0,0
5588,0,0
6203,0,1
6582,0,0
7392,0,0
7226,0,1
7664,0,0
7885,0,1
3326,0,1
449,1,1
7863,0,0
6934,1,1
7137,1,1
6682,1,1
1269,0,1
7890,0,1
6006,0,0
1419,1,1
7868,0,0
7887,0,0
3525,0,1
7889,0,0
7855,1,0
6885,0,1
4775,0,1
7528,0,0
4832,0,1
7836,0,0
7824,0,0
3321,1,1
2112,0,0
624,0,1
6877,0,0
4385,1,1
7378,0,0
366,1,1
6206,1,1
4366,1,0
7618,1,1
7879,0,0
7505,0,0
6600,0,1
7685,1,1
7331,0,0
5933,0,1
7170,0,1
5201,0,1
3890,1,1
7834,0,1
7851,1,0
3652,0,0
1123,1,1
4044,1,0
7593,0,0
7865,0,0
7259,0,1
7312,0,0
7338,0,1
5677,0,1
7737,0,0
6210,0,0
6213,0,0
7812,0,0
849,0,1
7536,0,1
7430,0,0
5181,0,1
7655,0,0
7057,1,0
5558,0,1
4746,1,0
7663,0,1
7407,0,0
7828,0,0
7773,0,1
7839,1,0
1424,0,1
5280,0,1
7742,0,0
7883,0,0
7894,0,0
7853,0,0
6461,0,1
6765,1,1
5000,1,1
5644,0,1
6638,0,1
7878,0,0
7800,0,1
6690,0,1
7168,0,1
7786,0,0
4314,1,1
7848,0,1
7632,1,1
7881,0,0
7873,0,1
6504,0,0
7801,0,0
7604,0,0
7061,1,0
7847,1,0
7884,0,0
7633,0,1
2897,1,1
7871,1,0
7558,1,0
6360,0,0
7614,0,1
3318,1,1
7804,1,1
5139,0,0
6083,1,1
6766,1,1
7888,0,0
4137,1,1
7542,0,1
7756,0,0
3780,1,1
6205,0,1
5027,1,1
7791,0,0
7818,0,1
7815,1,1
6839,1,1
5646,1,1
7708,0,1
7869,0,1
7882,0,0
5679,0,0
7892,0,0
7530,1,1
6028,1,1
6565,1,1
7753,0,0
3676,0,1
3221,1,1
7741,1,0
7779,0,1
7269,0,0
7844,0,0
7876,0,0
7845,0,1
2522,1,1
7875,0,0
236,1,0
7080,0,1
5965,0,1
5447,1,1
7886,0,0
6685,0,1
7877,0,0
5549,0,1
7874,0,0
854,1,1
7295,0,1
6832,1,0
4807,1,1
6821,1,0
7850,0,0
3169,0,1
4514,0,1
7814,0,1
7104,0,0
7754,0,1
7717,1,0
6014,0,1
7775,1,0
7551,0,0
7715,1,0
3827,1,1
5412,0,1
4504,1,0
7395,0,1
214,1,1
7849,1,1
6321,0,0
5232,0,1
4958,0,1
7880,1,0
3979,0,1
442,1,1
7699,0,0
7857,0,0
7330,0,1
7719,0,0
7846,0,1
7421,0,0
7776,0,0
7823,0,0
7298,1,1
7758,0,0
5396,1,1
5704,0,0
7503,0,0
7588,0,0
7821,0,0
5588,0,0
6203,0,1
6582,0,0
7392,0,0
7226,0,1
7664,0,0
7885,0,1
3326,0,1
449,1,1
7863,0,0
6934,1,1
7137,1,1
6682,1,1
1269,0,1
7890,0,1
6006,0,0
1419,1,1
7868,0,0
7887,0,0
3525,0,1
7889,1,0
7855,1,0
6885,0,1
7893,1,0
4775,0,1
7528,0,0
4832,0,1
7836,0,0
7824,0,0
3321,1,1
2112,0,0
624,0,1
6877,0,0
4385,1,1
7378,0,0
366,1,1
6206,1,1
4366,1,0
7618,1,1
7879,0,0
6600,0,1
7685,1,1
7331,0,0
5933,0,1
7170,0,1
5201,0,1
3890,1,1
7834,0,1
7851,0,0
3652,0,0
1123,1,1
4044,1,0
7593,0,0
7865,0,0
7259,0,1
7312,0,0
7338,0,1
5677,0,1
7737,0,0
6210,0,0
6213,0,0
7896,0,1
7812,0,0
849,0,1
7536,0,1
7430,0,0
5181,0,1
7655,0,0
7057,1,0
5558,0,1
4746,1,0
7663,0,1
7407,0,0
7828,0,0
7773,0,1
7839,1,0
1424,0,1
5280,0,1
7742,0,0
7883,0,0
7894,0,0
7853,0,0
6461,0,1
6765,1,1
5000,1,1
5644,0,1
6638,0,1
7800,0,1
6690,0,1
7168,1,1
7786,0,0
4314,1,1
7848,0,1
7632,1,1
7873,0,1
6504,0,0
7801,0,0
7604,1,0
7061,1,0
7847,1,0
7884,0,0
7633,0,1
2897,1,1
7871,1,0
7558,0,0
6360,0,0
7614,0,1
3318,1,1
7804,1,1
5139,0,0
6083,1,1
6766,1,1
7888,0,0
4137,1,1
7542,0,1
3780,1,1
6205,0,1
5027,1,1
7818,0,1
7815,1,1
7895,0,0
6839,1,1
5646,1,1
7708,0,1
7869,0,1
7882,0,0
5679,0,0
7892,0,0
7530,1,1
6028,1,1
6565,0,1
7753,0,0
3676,0,1
3221,1,1
7741,1,0
7779,0,1
7710,0,0
7845,0,1
2522,1,1
7875,0,0
236,1,0
7080,0,1
5965,0,1
5447,1,1
7886,0,0
6685,0,1
5549,0,1
7874,0,0
854,1,1
7295,0,1
6832,1,0
4807,1,1
6821,1,0
7850,0,0
3169,0,1
4514,0,1
7814,1,1
7104,0,0
7754,0,1
7717,1,0
6014,0,1
7775,1,0
7551,0,0
7715,1,0
3827,1,1
7899,0,0
5412,0,1
4504,1,0
7395,0,1
214,1,1
7849,1,1
6321,0,0
5232,0,1
4958,0,1
7880,1,0
3979,0,1
442,1,1
7699,0,0
7857,0,0
7330,0,1
7719,0,0
7846,0,1
7898,0,0
7421,0,0
7776,0,0
7823,0,0
7298,1,1
7758,0,0
5396,1,1
5704,0,0
7503,0,0
7588,0,0
7821,0,0
5588,0,0
6203,0,1
6582,0,0
7392,0,0
7226,0,1
7664,0,0
7900,0,0
7885,0,1
3326,0,1
449,1,1
7863,0,0
6934,1,1
7137,1,1
6682,1,1
1269,0,1
7890,0,1
6006,0,0
1419,1,1
7868,0,0
7887,0,0
3525,0,1
7889,1,0
7855,1,0
6885,0,1
7893,0,0
4775,0,1
7528,0,0
4832,0,1
7836,0,0
7824,0,0
3321,1,1
2112,0,0
624,0,1
6877,0,0
4385,1,1
7378,0,0
366,1,1
6206,1,1
4366,1,0
7618,1,1
7879,0,0
6600,0,1
7685,1,1
7331,0,0
5933,0,1
7170,0,1
5201,0,1
3890,1,1
7834,0,1
7851,0,0
3652,0,0
1123,1,1
4044,1,0
7593,0,0
7903,0,0
7865,0,0
7259,0,1
7312,0,0
7338,0,1
5677,0,1
7737,0,0
6210,0,0
6213,0,0
7896,0,1
7812,0,0
849,0,1
7536,0,1
7430,0,0
5181,0,1
7655,0,0
7057,1,0
5558,0,1
4746,1,0
7663,1,1
7407,0,0
7828,0,0
7773,0,1
7839,1,0
1424,0,1
5280,0,1
7912,0,0
7742,0,0
5636,0,0
7883,0,0
7894,0,0
7853,0,0
6461,0,1
6765,1,1
7909,0,1
5000,1,1
5644,0,1
6638,0,1
7800,0,1
6690,0,1
7168,0,1
7901,0,0
7786,0,0
4314,1,1
7904,0,0
7848,0,1
7632,0,1
7873,0,1
6504,0,0
7905,0,0
7801,0,0
7604,0,0
7061,1,0
7847,1,0
7884,0,0
7633,0,1
7906,1,0
2897,1,1
7871,1,0
7614,0,1
3318,1,1
7804,1,1
5139,0,0
6083,1,1
6766,1,1
7888,0,0
4137,1,1
7542,0,1
3780,1,1
6205,0,1
5027,1,1
7818,0,1
7815,1,1
7895,0,0
6839,1,1
5646,1,1
7708,0,1
7869,0,1
7882,0,0
5679,0,0
7892,0,0
7530,1,1
6028,1,1
7908,0,0
6565,1,1
7753,0,0
3676,0,1
3221,1,1
7741,1,0
7779,0,1
7710,0,0
7845,0,1
2522,1,1
7875,0,0
236,1,0
7080,0,1
5965,0,1
5447,1,1
7886,0,0
6685,0,1
5549,0,1
7911,0,0
7874,0,0
854,1,1
7295,0,1
6832,1,0
4807,1,1
6821,1,0
7850,0,0
3169,0,1
4514,0,1
7814,0,1
7104,0,0
7754,0,1
7717,1,0
6014,0,1
7775,1,0
7551,0,0
7715,1,0
3827,1,1
5412,0,1
4504,1,0
7395,0,1
214,1,1
7849,1,1
6321,0,0
5232,0,1
4958,0,1
7880,1,0
3979,0,1
7902,1,0
442,1,1
7699,0,0
7857,0,0
7330,0,1
7719,0,0
7846,0,1
7421,0,0
7910,0,0
7776,0,0
7823,0,0
7298,1,1
7758,0,0
5396,0,1
5704,0,0
7503,0,0
7588,0,0
7821,0,0
5588,0,0
6203,0,1
6582,0,0
7392,0,0
7226,0,1
7664,0,0
7900,0,0
7885,0,1
3326,0,1
449,1,1
6934,1,1
7137,1,1
6682,1,1
1269,0,1
7890,0,1
6006,0,0
1419,1,1
7868,0,0
7887,0,0
3525,0,1
7855,0,0
6885,0,1
7893,0,0
7907,0,1
4775,0,1
7528,0,0
4832,0,1
7836,0,0
7824,0,0
3321,1,1
2112,0,0
624,0,1
6877,0,0
4385,1,1
7378,0,0
366,1,1
6206,1,1
4366,1,0
7618,1,1
7879,0,0
6600,0,1
7685,1,1
7331,0,0
5933,0,1
7170,0,1
5201,0,1
3890,1,1
7834,0,1
3652,0,0
1123,1,1
7593,0,0
7903,0,0
7865,0,0
7916,0,0
7259,0,1
7312,0,0
7338,0,1
5677,0,1
7737,0,0
6210,1,0
6213,0,0
7896,0,1
849,0,1
7536,0,1
7430,0,0
5181,0,1
7655,0,0
7919,1,0
7057,1,0
5558,0,1
4746,1,0
7663,0,1
7407,0,0
7828,0,0
7773,0,1
7839,1,0
1424,0,1
5280,0,1
7912,0,0
7742,0,0
5636,0,0
7883,0,0
7894,0,0
6461,0,1
6765,1,1
7909,1,1
5000,1,1
7915,0,0
5644,0,1
6638,0,1
7800,0,1
6690,0,1
7168,0,1
7901,0,0
7786,0,0
4314,1,1
7904,0,0
7848,0,1
7632,0,1
7873,0,1
6504,0,0
7905,0,0
7801,0,0
7604,0,0
7918,0,0
7061,1,0
7847,1,0
7884,0,0
7633,0,1
7906,1,0
7914,0,1
2897,1,1
7614,0,1
3318,1,1
7804,1,1
5139,0,0
7921,0,0
6083,1,1
6766,1,1
4137,1,1
7913,0,0
7542,0,1
3780,1,1
6205,0,1
5027,1,1
7818,0,1
7815,1,1
6839,1,1
5646,1,1
7708,0,1
7869,0,1
7882,0,0
5679,0,0
7892,0,0
7530,1,1
6028,1,1
6565,0,1
7753,0,0
3676,0,1
3221,1,1
7741,1,0
7779,0,1
7845,0,1
7920,0,0
2522,1,1
7875,0,0
236,1,0
7080,0,1
5965,0,1
5447,1,1
7886,0,0
6685,0,1
5549,0,1
7911,1,0
7874,0,0
854,1,1
7295,0,1
6832,0,0
4807,1,1
6821,1,0
3169,0,1
4514,1,1
7814,0,1
7754,0,1
7717,1,0
6014,0,1
7775,1,0
7551,0,0
7715,1,0
3827,1,1
5412,0,1
4504,1,0
7395,0,1
214,1,1
7849,1,1
6321,0,0
5232,0,1
4958,0,1
7880,1,0
3979,0,1
7902,1,0
442,1,1
7699,0,0
7857,0,0
7330,0,1
7719,0,0
7846,0,1
7421,0,0
7776,0,0
7823,0,0
7298,1,1
7758,0,0
5396,0,1
5704,0,0
7588,0,0
7821,0,0
5588,0,0
6203,0,1
6582,0,0
7392,0,0
7226,0,1
7664,0,0
7885,0,1
3326,0,1
449,1,1
6934,1,1
7137,1,1
6682,1,1
1269,0,1
7890,0,1
6006,0,0
1419,1,1
7868,0,0
7887,0,0
3525,0,1
7855,0,0
6885,0,1
7893,0,0
7907,0,1
4775,0,1
7528,0,0
4832,0,1
7836,0,0
7824,0,0
3321,1,1
2112,0,0
624,0,1
6877,0,0
4385,1,1
7378,0,0
366,1,1
7917,0,0
6206,1,1
4366,1,0
7618,1,1
7879,0,0
6600,0,1
7685,1,1
7331,0,0
5933,0,1
7170,0,1
5201,0,1
3890,1,1
7834,0,1
3652,0,0
1123,1,1
7593,0,0
7865,0,0
7259,0,1
7312,0,0
7338,1,1
5677,0,1
7737,0,0
6210,0,0
6213,0,0
7896,0,1
7812,0,0
849,0,1
7536,0,1
7430,0,0
5181,0,1
7655,0,0
7919,0,0
7057,1,0
5558,0,1
4746,1,0
7663,0,1
7407,0,0
7828,0,0
7773,0,1
7839,1,0
7922,0,0
1424,0,1
5280,0,1
7912,0,0
7742,0,0
7883,0,0
7894,0,0
6461,0,1
6765,1,1
7909,1,1
5000,1,1
7915,0,0
7925,0,0
5644,0,1
6638,0,1
7800,0,1
6690,0,1
7168,0,1
7901,0,0
7786,0,0
4314,1,1
7848,0,1
7632,0,1
7873,0,1
6504,0,0
7905,0,0
7801,0,0
7918,0,0
7061,1,0
7847,1,0
7884,0,0
7633,0,1
7906,1,0
7914,0,1
2897,1,1
7614,0,1
3318,1,1
7804,1,1
5139,0,0
7921,0,0
6083,1,1
6766,1,1
4137,1,1
7913,0,0
7542,0,1
3780,1,1
6205,0,1
5027,1,1
7818,0,1
7815,1,1
6839,1,1
5646,1,1
7708,0,1
7869,0,1
7882,0,0
5679,0,0
7892,0,0
7530,1,1
6028,1,1
6565,0,1
7753,0,0
3676,0,1
3221,1,1
7741,1,0
7779,0,1
7845,0,1
7920,0,0
2522,1,1
236,1,0
7080,0,1
5965,0,1
5447,1,1
6685,0,1
5549,0,1
7911,1,0
7874,0,0
854,1,1
7295,0,1
6832,1,0
4807,1,1
6821,1,0
3169,0,1
4514,1,1
6379,0,0
7814,0,1
7754,0,1
7717,1,0
6014,0,1
7775,1,0
7551,0,0
7715,1,0
3827,1,1
5412,0,1
4504,1,0
7395,0,1
214,1,1
7849,1,1
6321,0,0
5232,0,1
4958,0,1
7880,1,0
3979,0,1
7902,1,0
442,1,1
7699,0,0
7857,0,0
7330,0,1
7719,0,0
7924,0,0
7846,0,1
7421,0,0
7776,0,0
7823,0,0
7298,1,1
7758,0,0
5396,0,1
5704,0,0
7588,0,0
7821,0,0
5588,0,0
6203,0,1
6582,0,0
7392,0,0
7226,0,1
7664,0,0
7885,0,1
3326,0,1
449,1,1
6934,1,1
7137,1,1
7923,1,0
6682,1,1
1269,0,1
7890,0,1
1419,1,1
7868,0,0
7887,0,0
3525,0,1
6885,0,1
7893,0,0
7907,0,1
4775,0,1
7528,0,0
4832,0,1
7824,0,0
3321,1,1
2112,0,0
624,0,1
6877,0,0
4385,1,1
366,1,1
7917,0,0
6206,1,1
4366,0,0
7618,1,1
7879,0,0
6600,0,1
7685,1,1
7331,0,0
5933,0,1
7170,0,1
5201,0,1
3890,1,1
7834,0,1
3652,0,0
1123,1,1
7593,0,0
7931,0,0
7865,0,0
7259,0,1
7312,0,0
7338,0,1
5677,0,1
7737,0,0
6210,1,0
6213,0,0
7896,0,1
7812,0,0
849,0,1
7536,0,1
7430,0,0
5181,0,1
5429,0,1
7655,0,0
7057,1,0
5558,0,1
4746,1,0
7934,0,0
7663,1,1
7407,0,0
7828,0,0
7773,0,1
7839,1,0
7922,0,0
1424,0,1
5280,0,1
7912,0,0
7933,0,0
7742,0,0
7883,0,0
6461,0,1
6765,1,1
7909,0,1
5000,1,1
7915,0,0
7925,0,0
5644,0,1
6638,0,1
7800,0,1
6690,0,1
7168,0,1
7901,0,0
7786,0,0
4314,1,1
7935,0,0
7848,0,1
7632,1,1
7873,0,1
6504,0,0
7905,0,0
7936,0,0
7801,0,0
7918,0,0
7061,1,0
7847,1,0
7633,0,1
7906,1,0
7914,0,1
2897,1,1
7614,0,1
3318,1,1
7804,1,1
7921,0,0
6083,1,1
6766,1,1
4137,1,1
7913,0,0
7542,0,1
3780,1,1
6205,0,1
5027,1,1
7818,0,1
7815,1,1
6839,1,1
5646,1,1
7708,0,1
7869,0,1
7882,0,0
5679,0,0
7892,0,0
7530,1,1
6028,1,1
6565,0,1
7753,0,0
3676,0,1
3221,1,1
7741,1,0
7779,0,1
7845,0,1
7920,0,0
2522,1,1
7938,0,0
236,1,0
7080,0,1
5965,0,1
5447,1,1
7932,0,0
7937,0,0
6685,0,1
7927,0,0
5549,0,1
7911,1,0
7874,0,0
854,1,1
7295,0,1
6832,1,0
4807,1,1
6821,1,0
3169,0,1
7930,0,0
4514,1,1
6379,0,0
7814,1,1
7754,0,1
7717,1,0
6014,0,1
7775,1,0
7551,0,0
7715,1,0
3827,1,1
5412,0,1
4504,1,0
7395,0,1
214,1,1
7849,1,1
6321,0,0
5232,0,1
4958,0,1
7880,1,0
3979,0,1
7902,1,0
442,1,1
7857,0,0
7330,0,1
7719,0,0
7924,0,0
7846,0,1
7421,0,0
7928,0,0
7926,1,0
7776,0,0
7823,0,0
7298,1,1
5396,1,1
5704,0,0
7503,0,0
7588,0,0
7821,0,0
5588,0,0
6203,0,1
6582,1,0
7392,0,0
7226,0,1
7664,0,0
7885,0,1
3326,0,1
449,1,1
6934,1,1
7137,1,1
7923,1,0
6682,1,1
1269,0,1
7890,0,1
1419,1,1
7868,0,0
7887,0,0
3525,0,1
6885,0,1
7893,0,0
7907,0,1
4775,0,1
4832,0,1
7824,0,0
3321,1,1
2112,0,0
624,0,1
6877,0,0
4385,1,1
366,1,1
7917,0,0
6206,1,1
4366,1,0
7618,1,1
7879,0,0
6600,0,1
7685,1,1
7331,0,0
5933,0,1
7170,0,1
5201,0,1
3890,1,1
7834,0,1
3652,0,0
1123,1,1
7593,0,0
7931,0,0
7865,0,0
7259,0,1
7312,0,0
7338,0,1
5677,0,1
7737,0,0
6210,1,0
7896,0,1
7943,0,1
7812,0,0
849,0,1
7536,0,1
7430,0,0
5181,0,1
5429,1,1
7655,0,0
7057,1,0
5558,0,1
4746,1,0
7934,0,0
7663,1,1
7828,0,0
7773,0,1
7839,0,0
7922,0,0
1424,0,1
5280,0,1
7912,0,0
7933,0,0
7742,0,0
7883,0,0
6461,0,1
6765,1,1
7909,1,1
5000,1,1
7915,0,0
7925,0,0
5644,0,1
6638,0,1
7800,0,1
6690,0,1
7940,0,0
7168,0,1
7901,0,0
7786,0,0
7946,0,0
4314,1,1
7935,0,0
7848,0,1
7632,0,1
7945,0,0
7873,0,1
6504,0,0
7905,0,0
7936,0,0
7801,0,0
7918,0,0
7061,1,0
7847,0,0
7941,0,0
7633,0,1
7906,1,0
7914,0,1
2897,1,1
7614,0,1
3318,1,1
7804,1,1
7921,0,0
6083,1,1
6766,1,1
4137,1,1
7913,0,0
7542,0,1
3780,1,1
6205,0,1
5027,1,1
7818,0,1
7815,1,1
6839,1,1
5646,1,1
7708,0,1
7869,0,1
7882,0,0
5679,0,0
7892,0,0
7530,1,1
6028,1,1
6565,0,1
7753,0,0
3676,0,1
3221,1,1
7741,1,0
7779,0,1
7942,0,1
7845,0,1
7920,0,0
2522,1,1
7938,0,0
236,1,0
7080,0,1
5965,0,1
5447,1,1
7932,0,0
7937,0,0
6685,0,1
7927,0,0
5549,0,1
7911,1,0
7874,0,0
854,1,1
7295,0,1
6832,1,0
4807,1,1
6821,1,0
3169,0,1
7930,0,0
7947,0,0
4514,0,1
6379,0,0
7814,0,1
7754,0,1
7717,1,0
6014,0,1
7775,1,0
7551,0,0
7715,1,0
3827,1,1
5412,0,1
4504,1,0
7395,0,1
214,1,1
7849,1,1
6321,0,0
5232,0,1
4958,0,1
7880,1,0
3979,0,1
7902,1,0
442,1,1
7857,0,0
7330,0,1
7719,0,0
7924,0,0
7846,0,1
7421,0,0
7928,0,0
7776,0,0
7823,0,0
7298,1,1
5396,0,1
5704,0,0
7503,0,0
7944,0,0
7588,0,0
7821,0,0
5588,0,0
6203,0,1
6582,0,0
7392,0,0
7226,0,1
7664,0,0
7885,0,1
3326,0,1
7939,0,0
449,1,1
6934,1,1
7137,1,1
7923,1,0
6682,1,1
1269,0,1
7890,0,1
1419,1,1
7887,0,0
3525,0,1
6885,0,1
7893,0,0
7907,0,1
4775,0,1
4832,0,1
7824,0,0
3321,1,1
2112,0,0
624,0,1
6877,0,0
4385,1,1
7917,0,0
6206,1,1
4366,1,0
7618,1,1
7879,0,0
6600,0,1
7685,1,1
7331,0,0
5933,0,1
7170,0,1
5201,0,1
3890,1,1
7834,0,1
3652,0,0
1123,1,1
7865,0,0
7259,0,1
7312,0,0
7338,0,1
5677,0,1
7737,0,0
6210,1,0
7896,0,1
7943,0,1
7812,0,0
849,0,1
7536,0,1
7430,0,0
5181,0,1
5429,1,1
7655,0,0
7057,1,0
5558,0,1
4746,1,0
7934,0,0
7663,1,1
7828,0,0
7773,0,1
1424,0,1
5280,0,1
7742,0,0
7883,0,0
6461,0,1
6765,1,1
7909,1,1
5000,1,1
7915,0,0
7925,0,0
5644,0,1
6638,0,1
7800,0,1
6690,0,1
7168,0,1
7901,0,0
7786,0,0
4314,1,1
7935,0,0
7848,0,1
7632,0,1
7873,0,1
6504,0,0
7905,0,0
7936,0,0
7801,0,0
7918,0,0
7061,1,0
7847,1,0
7633,0,1
7906,1,0
7914,0,1
2897,1,1
7614,0,1
3318,1,1
7804,1,1
7921,0,0
6083,1,1
6766,1,1
4137,1,1
7913,0,0
7542,0,1
3780,1,1
6205,0,1
5027,1,1
7949,0,0
7818,0,1
7958,0,0
7815,1,1
6839,1,1
5646,1,1
7708,0,1
7869,0,1
7882,0,0
5679,0,0
7892,0,0
7530,1,1
6028,1,1
6565,0,1
7753,0,0
3676,0,1
3221,1,1
7741,0,0
7779,0,1
7942,0,1
7845,0,1
7920,0,0
2522,1,1
7938,0,0
236,1,0
7080,0,1
5965,0,1
5447,1,1
7932,0,0
7937,0,0
6685,0,1
7927,0,0
5549,0,1
7874,0,0
854,1,1
7295,0,1
6832,1,0
4807,1,1
7952,0,0
6821,1,0
3169,0,1
7930,0,0
7947,1,0
4514,0,1
6379,0,0
7814,0,1
7754,0,1
7717,1,0
6014,0,1
7775,1,0
7715,1,0
3827,1,1
5412,0,1
4504,1,0
7395,0,1
214,1,1
7849,1,1
6321,0,0
5232,0,1
4958,0,1
7880,1,0
3979,0,1
7902,1,0
442,1,1
7857,0,0
7330,0,1
7719,0,0
7846,0,1
7421,0,0
7928,0,0
7950,0,0
7776,0,0
7823,0,0
7298,1,1
5396,0,1
5704,0,0
7503,0,0
7588,0,0
7948,0,0
7821,0,0
5588,0,0
6203,0,1
6582,0,0
7392,0,0
7226,0,1
7664,0,0
7885,0,1
3326,0,1
7939,0,0
449,1,1
6934,1,1
7137,1,1
7951,1,0
7923,1,0
6682,1,1
7957,0,0
1269,0,1
7890,0,1
1419,1,1
7887,0,0
3525,0,1
6885,0,1
7893,0,0
7907,0,1
4775,0,1
4832,0,1
7824,0,0
3321,1,1
2112,0,0
624,0,1
6877,0,0
4385,1,1
366,1,1
7917,0,0
6206,1,1
4366,1,0
7618,1,1
7879,0,0
6600,0,1
7685,1,1
7331,0,0
5933,0,1
7170,0,1
5201,0,1
3890,1,1
7834,0,1
3652,0,0
1123,1,1
7959,0,0
7865,0,0
7259,0,1
7312,0,0
7338,0,1
5677,0,1
7737,0,0
6210,1,0
7896,0,1
7943,0,1
7812,0,0
849,0,1
7536,0,1
7430,0,0
5181,0,1
5429,1,1
7655,0,0
7057,1,0
5558,0,1
4746,1,0
7663,1,1
7828,0,0
7773,0,1
1424,0,1
5280,0,1
7742,0,0
7883,0,0
6461,0,1
6765,1,1
7909,1,1
5000,1,1
7915,0,0
7925,0,0
5644,0,1
6638,0,1
7800,0,1
7960,0,0
6690,0,1
7168,1,1
7901,0,0
7786,0,0
4314,1,1
7935,0,0
7848,0,1
7632,1,1
7873,0,1
6504,0,0
7905,0,0
7936,0,0
7801,0,0
7918,0,0
7061,1,0
7847,1,0
7633,0,1
7906,1,0
7914,0,1
2897,1,1
7614,0,1
3318,1,1
7804,1,1
7921,0,0
6083,1,1
6766,1,1
4137,1,1
7913,0,0
7542,0,1
3780,1,1
6205,0,1
5027,1,1
7949,0,0
7818,0,1
7958,0,0
7815,1,1
6839,1,1
5646,1,1
7708,0,1
7962,0,0
7869,0,1
7882,0,0
5679,0,0
7892,0,0
7530,1,1
6028,1,1
6565,0,1
7753,0,0
3676,0,1
3221,1,1
7741,1,0
7779,0,1
7942,0,1
7845,0,1
7920,0,0
2522,1,1
7938,0,0
236,1,0
7080,0,1
5965,0,1
5447,1,1
7932,0,0
7937,0,0
6685,0,1
7927,0,0
5549,0,1
7874,0,0
854,1,1
7295,0,1
6832,0,0
4807,1,1
7952,0,0
6821,1,0
3169,0,1
7930,0,0
7947,1,0
4514,0,1
6379,0,0
7814,0,1
7754,0,1
7717,1,0
6014,0,1
7775,1,0
7715,1,0
3827,1,1
5412,0,1
4504,1,0
7395,0,1
214,1,1
7849,1,1
6321,0,0
5232,0,1
4958,0,1
7880,1,0
3979,0,1
7902,1,0
442,1,1
7857,0,0
7330,0,1
7719,0,0
7961,0,0
7846,0,1
7421,0,0
7928,0,0
7950,0,0
7823,0,0
7298,1,1
5396,0,1
5704,0,0
7503,0,0
7588,0,0
7948,0,0
7821,0,0
5588,0,0
6203,0,1
6582,0,0
7392,0,0
7226,0,1
7885,0,1
3326,0,1
7939,0,0
449,1,1
6934,1,1
7137,1,1
7951,1,0
7923,0,0
6682,1,1
7957,0,0
1269,0,1
7890,0,1
1419,1,1
7887,0,0
3525,0,1
6885,0,1
7893,0,0
7907,0,1
4775,0,1
4832,0,1
7824,0,0
3321,1,1
2112,0,0
624,0,1
6877,0,0
4385,1,1
366,1,1
7917,0,0
6206,1,1
4366,0,0
7618,1,1
7879,0,0
6600,0,1
7685,1,1
7331,0,0
5933,0,1
7170,0,1
5201,0,1
3890,1,1
7834,0,1
3652,0,0
1123,1,1
7959,1,0
7865,0,0
7259,0,1
7312,0,0
7338,1,1
5677,0,1
6210,1,0
7896,0,1
7943,0,1
7812,0,0
849,0,1
7536,0,1
7430,0,0
5181,0,1
5429,1,1
7655,0,0
7057,1,0
5558,0,1
4746,1,0
7663,1,1
7964,0,0
7773,0,1
1424,0,1
5280,0,1
7742,0,0
7883,0,0
7968,0,0
6461,0,1
6765,1,1
7909,1,1
5000,1,1
7915,0,0
7925,0,0
5644,0,1
6638,0,1
7800,0,1
7960,1,0
6690,0,1
7168,0,1
7901,0,0
7971,0,0
4314,1,1
7935,0,0
7848,0,1
7632,1,1
7873,0,1
6504,0,0
7905,0,0
7801,0,0
7918,0,0
7061,1,0
7847,0,0
7633,0,1
7906,1,0
7914,0,1
2897,1,1
7614,0,1
3318,1,1
7804,1,1
7921,0,0
6083,1,1
6766,1,1
4137,1,1
7913,0,0
7542,0,1
3780,1,1
7969,0,0
6205,0,1
5027,1,1
7949,0,0
7818,0,1
7958,0,0
7815,1,1
6839,1,1
5646,1,1
7708,0,1
7962,0,0
7869,0,1
7882,0,0
5679,0,0
7892,0,0
7530,1,1
6028,1,1
6565,0,1
3676,0,1
3221,1,1
7741,0,0
7779,0,1
7942,0,1
7845,0,1
7920,0,0
2522,1,1
7938,0,0
236,1,0
7080,0,1
5965,0,1
5447,1,1
7932,0,0
7937,0,0
6685,0,1
7927,0,0
5549,0,1
854,1,1
7295,0,1
6832,0,0
4807,1,1
7952,0,0
6821,1,0
3169,0,1
7930,0,0
7947,1,0
4514,1,1
6379,0,0
7814,1,1
7754,0,1
7717,1,0
6014,0,1
7775,1,0
7715,1,0
3827,1,1
5412,0,1
4504,1,0
7395,0,1
214,1,1
7849,1,1
6321,0,0
5232,0,1
4958,0,1
7880,1,0
3979,0,1
7902,1,0
442,1,1
7857,0,0
7330,0,1
7719,0,0
7961,0,0
7846,0,1
7928,0,0
7823,0,0
7298,1,1
7963,0,1
5396,1,1
5704,0,0
7503,0,0
7588,0,0
7948,0,0
7821,0,0
5588,0,0
6203,0,1
6582,0,0
7392,0,0
7226,0,1
7885,0,1
3326,0,1
7939,0,0
449,1,1
6934,1,1
7137,1,1
7951,1,0
6682,1,1
1269,0,1
7890,0,1
1419,1,1
7967,1,0
7887,0,0
3525,0,1
6885,0,1
7893,0,0
7907,0,1
4775,0,1
7966,0,0
4832,0,1
7824,0,0
3321,1,1
7965,0,0
2112,0,0
624,0,1
6877,0,0
4385,1,1
366,1,1
7917,0,0
6206,1,1
4366,0,0
7970,0,0
7618,1,1
7879,0,0
6600,0,1
7685,1,1
7331,0,0
5933,0,1
7170,0,1
5201,0,1
3890,1,1
7834,1,1
3652,0,0
1123,1,1
7959,1,0
7259,0,1
7312,0,0
7975,0,0
7338,0,1
5677,0,1
6210,1,0
7896,0,1
7943,0,1
7812,0,0
849,0,1
7536,0,1
7430,0,0
5181,0,1
5429,1,1
7655,0,0
7057,1,0
5558,0,1
4746,1,0
7663,1,1
7964,0,0
7773,0,1
1424,0,1
5280,0,1
7742,0,0
7883,0,0
7968,0,0
6461,0,1
6765,1,1
7909,1,1
5000,1,1
7915,0,0
7925,0,0
5644,0,1
6638,0,1
7800,0,1
7960,1,0
6690,0,1
7168,0,1
7786,0,0
7971,0,0
4314,1,1
7935,0,0
7972,0,0
7848,0,1
7632,0,1
7873,0,1
6504,0,0
7905,0,0
7801,0,0
7918,0,0
7061,1,0
7847,1,0
7633,0,1
7906,1,0
7914,0,1
2897,1,1
7614,0,1
3318,1,1
7804,1,1
7921,0,0
6083,1,1
6766,1,1
4137,1,1
7913,0,0
7542,0,1
3780,1,1
7969,0,0
6205,0,1
5027,1,1
7949,0,0
7818,0,1
7958,0,0
7815,1,1
6839,1,1
5646,1,1
7708,0,1
7962,0,0
7869,0,1
7882,0,0
7973,0,1
5679,0,0
7892,0,0
7530,1,1
6028,1,1
6565,0,1
3676,0,1
3221,1,1
7741,0,0
7779,0,1
7942,0,1
7845,0,1
7920,0,0
2522,1,1
7938,0,0
236,1,0
7080,0,1
5965,0,1
5447,1,1
7932,0,0
7937,0,0
6685,0,1
5549,0,1
854,1,1
7295,0,1
6832,1,0
4807,1,1
7952,0,0
6821,1,0
3169,0,1
7947,1,0
4514,1,1
6379,0,0
7814,0,1
7754,0,1
7717,1,0
6014,0,1
7775,1,0
7715,0,0
3827,1,1
5412,0,1
4504,1,0
7395,0,1
214,1,1
7849,1,1
6321,0,0
5232,0,1
4958,0,1
7880,1,0
3979,0,1
7902,1,0
442,1,1
7857,0,0
7330,0,1
7719,0,0
7846,0,1
7928,0,0
7823,0,0
7298,1,1
7963,0,1
5396,1,1
5704,0,0
7503,0,0
7974,0,0
7588,0,0
7948,0,0
7821,0,0
5588,0,0
6203,0,1
6582,1,0
7392,0,0
7226,0,1
7885,0,1
3326,0,1
7939,0,0
449,1,1
6934,1,1
7137,1,1
7951,1,0
6682,1,1
1269,0,1
7890,0,1
1419,1,1
7967,0,0
7887,0,0
3525,0,1
6885,0,1
7893,0,0
7907,0,1
4775,0,1
7966,0,0
4832,0,1
7824,0,0
3321,1,1
7965,0,0
2112,0,0
624,0,1
6877,0,0
4385,1,1
366,1,1
7917,0,0
6206,1,1
7970,0,0
7618,1,1
7879,0,0
6600,0,1
7685,1,1
7331,0,0
5933,0,1
7170,0,1
5201,0,1
3890,1,1
7834,0,1
3652,0,0
1123,1,1
7959,1,0
7977,0,1
7259,0,1
7312,0,0
7975,1,0
7338,1,1
5677,0,1
7896,0,1
7943,0,1
7812,0,0
849,0,1
7536,0,1
7430,0,0
5181,0,1
5429,1,1
7655,0,0
7057,0,0
5558,0,1
4746,1,0
7663,0,1
7773,0,1
1424,0,1
5280,0,1
7742,0,0
7883,0,0
6461,0,1
6765,1,1
7909,1,1
5000,1,1
7915,0,0
7925,0,0
5644,0,1
6638,1,1
7800,0,1
7960,1,0
6690,0,1
7168,0,1
7786,0,0
7971,0,0
7980,1,0
4314,1,1
7935,0,0
7848,0,1
7632,1,1
7873,0,1
6504,0,0
7905,0,0
7801,0,0
7918,0,0
7061,1,0
7847,0,0
7633,0,1
7906,1,0
7984,0,1
7914,0,1
2897,1,1
7981,0,0
7614,0,1
3318,1,1
7804,1,1
6083,1,1
6766,1,1
7982,0,0
4137,1,1
7913,0,0
7542,0,1
7978,0,0
3780,1,1
7969,0,0
6205,0,1
5027,1,1
7949,0,0
7818,0,1
7958,0,0
7815,1,1
6839,1,1
5646,1,1
7708,0,1
7985,0,0
7869,0,1
7882,0,0
7973,0,1
5679,0,0
7892,0,0
7530,1,1
6028,1,1
6565,0,1
3676,0,1
3221,1,1
7741,1,0
7779,0,1
7942,0,1
7845,0,1
7920,0,0
2522,1,1
7938,0,0
236,1,0
7080,0,1
5965,0,1
5447,1,1
7932,1,0
7937,0,0
6685,0,1
5549,0,1
854,1,1
7295,0,1
6832,1,0
4807,1,1
6821,1,0
3169,0,1
7947,1,0
4514,0,1
6379,0,0
7814,1,1
7754,0,1
7717,1,0
6014,0,1
7775,1,0
3827,1,1
7976,0,0
5412,0,1
4504,1,0
7395,0,1
214,1,1
7849,1,1
6321,0,0
5232,0,1
4958,1,1
7880,1,0
3979,0,1
7902,1,0
442,1,1
7857,0,0
7330,0,1
7719,0,0
7846,0,1
7928,0,0
7983,0,0
7823,0,0
7298,1,1
7963,0,1
5396,1,1
5704,0,0
7503,0,0
7974,0,0
7588,0,0
7948,0,0
7821,0,0
5588,0,0
6203,0,1
6582,0,0
7392,0,0
7226,0,1
7885,0,1
3326,0,1
7939,0,0
449,1,1
6934,1,1
7137,1,1
7951,1,0
7979,0,0
6682,1,1
1269,0,1
7890,0,1
1419,1,1
7887,0,0
3525,0,1
6885,0,1
7893,0,0
7907,0,1
4775,0,1
7966,0,0
4832,0,1
7824,0,0
3321,1,1
7965,0,0
2112,0,0
624,0,1
6877,0,0
4385,1,1
366,1,1
7917,0,0
6206,1,1
7618,1,1
7879,0,0
6600,0,1
7685,1,1
7331,0,0
5933,0,1
7170,0,1
5201,0,1
3890,1,1
7834,0,1
3652,0,0
1123,1,1
7959,1,0
7977,0,1
7986,0,0
7259,0,1
7312,0,0
7975,1,0
7338,0,1
5677,0,1
7896,0,1
7943,0,1
7812,0,0
849,0,1
7536,0,1
7430,0,0
5181,0,1
5429,1,1
7655,0,0
5558,0,1
4746,1,0
7663,0,1
7773,0,1
1424,0,1
5280,0,1
7742,0,0
7883,0,0
6461,0,1
6765,1,1
7909,1,1
5000,1,1
7915,0,0
7925,0,0
5644,0,1
6638,0,1
7800,0,1
7960,0,0
6690,0,1
7168,0,1
7786,0,0
7971,0,0
7980,1,0
4314,1,1
7935,0,0
7988,0,0
7848,0,1
7632,1,1
7873,0,1
6504,0,0
7905,0,0
7801,0,0
7918,0,0
7061,1,0
7847,1,0
7633,0,1
7906,0,0
7984,0,1
7914,0,1
2897,1,1
7981,0,0
7614,0,1
3318,1,1
7804,1,1
6083,1,1
6766,1,1
7982,0,0
4137,1,1
7913,0,0
7542,0,1
3780,1,1
7969,0,0
6205,0,1
5027,1,1
7949,0,0
7818,0,1
7815,1,1
6839,1,1
5646,1,1
7708,0,1
7985,1,0
7869,0,1
7882,0,0
7973,0,1
5679,0,0
7892,0,0
7530,1,1
6028,1,1
6565,0,1
3676,0,1
3221,1,1
7741,1,0
7779,0,1
7942,0,1
7845,0,1
7920,0,0
2522,1,1
7938,0,0
236,1,0
7080,0,1
5965,0,1
5447,1,1
7932,0,0
6685,0,1
5549,0,1
854,1,1
7295,0,1
6832,0,0
4807,1,1
6821,1,0
3169,0,1
7947,1,0
4514,0,1
6379,0,0
7814,0,1
7754,0,1
7717,1,0
6014,0,1
7775,1,0
3827,1,1
7976,0,0
5412,0,1
4504,1,0
7395,0,1
214,1,1
7849,1,1
6321,0,0
5232,0,1
4958,0,1
7880,1,0
3979,0,1
7902,1,0
442,1,1
7857,0,0
7330,0,1
7987,0,0
7719,0,0
7846,0,1
7928,0,0
7983,0,0
7823,0,0
7298,1,1
7963,0,1
5396,0,1
5704,0,0
7503,0,0
7989,0,1
7974,0,0
7588,0,0
7948,0,0
7821,0,0
5588,0,0
6203,0,1
6582,0,0
7392,0,0
7226,0,1
7885,0,1
3326,0,1
7939,0,0
449,1,1
6934,1,1
7137,1,1
7951,1,0
7979,0,0
6682,1,1
1269,0,1
7890,0,1
1419,1,1
7887,0,0
3525,0,1
6885,0,1
7893,0,0
7907,0,1
4775,0,1
4832,0,1
7824,0,0
3321,1,1
7965,0,0
2112,0,0
624,0,1
6877,0,0
4385,1,1
366,1,1
7917,0,0
6206,1,1
7618,1,1
7879,0,0
6600,0,1
7685,1,1
7331,0,0
5933,0,1
7170,0,1
5201,0,1
3890,1,1
7834,1,1
3652,0,0
1123,1,1
7959,1,0
7977,0,1
7986,0,0
7259,0,1
7312,0,0
7975,1,0
7338,1,1
5677,0,1
7943,0,1
7812,0,0
849,0,1
7536,0,1
7430,0,0
5181,0,1
5429,1,1
7655,0,0
5558,0,1
4746,1,0
7663,1,1
7773,0,1
1424,0,1
5280,0,1
7742,0,0
7883,0,0
7994,0,1
6461,0,1
6765,1,1
7909,1,1
5000,1,1
7915,0,0
7925,0,0
5644,0,1
6638,0,1
7800,0,1
7960,0,0
6690,0,1
7168,0,1
7991,1,1
7980,0,0
4314,1,1
7988,1,0
7848,0,1
7632,1,1
7873,0,1
6504,0,0
7905,0,0
7801,0,0
7061,1,0
7847,0,0
7633,0,1
7984,0,1
7914,0,1
2897,1,1
7981,0,0
7614,0,1
3318,1,1
7804,1,1
6083,1,1
6766,1,1
7982,0,0
4137,1,1
7913,0,0
7542,0,1
3780,1,1
7992,0,0
6205,0,1
5027,1,1
7949,0,0
7993,0,0
7818,0,1
7221,0,1
7815,1,1
6839,1,1
5646,1,1
7708,0,1
7985,1,0
7869,0,1
7882,0,0
7973,0,1
5679,0,0
7892,0,0
7530,1,1
6028,1,1
6565,0,1
3676,0,1
3221,1,1
7741,1,0
7779,0,1
7942,0,1
7845,0,1
7920,0,0
2522,1,1
7990,0,0
7938,0,0
236,1,0
7080,0,1
5965,0,1
5447,1,1
7932,0,0
6685,0,1
5549,0,1
854,1,1
7295,0,1
6832,0,0
4807,1,1
6821,1,0
3169,0,1
7947,1,0
4514,0,1
6379,0,0
7814,1,1
7754,0,1
7717,1,0
6014,0,1
7775,1,0
3827,1,1
7976,0,0
5412,0,1
4504,1,0
7995,0,0
7395,0,1
214,1,1
7849,1,1
6321,0,0
5232,0,1
4958,0,1
7880,1,0
3979,0,1
7902,1,0
442,1,1
7857,0,0
7330,0,1
7987,0,0
7719,0,0
7846,0,1
7928,0,0
7983,0,0
7823,0,0
7298,1,1
7963,0,1
5396,1,1
5704,0,0
7503,0,0
7989,0,1
7588,0,0
7948,0,0
7821,0,0
5588,0,0
6203,0,1
6582,0,0
7392,0,0
7226,0,1
7885,0,1
3326,0,1
7939,0,0
449,1,1
6934,1,1
7137,1,1
7951,1,0
7979,0,0
6682,1,1
1269,0,1
7890,0,1
1419,1,1
7887,0,0
3525,0,1
6885,0,1
7893,0,0
7907,0,1
4775,0,1
4832,0,1
7824,0,0
3321,1,1
7965,0,0
2112,0,0
624,0,1
6877,0,0
4385,1,1
366,1,1
7917,0,0
6206,1,1
7618,1,1
7879,0,0
6600,0,1
7685,1,1
7331,0,0
5933,0,1
7170,0,1
5201,0,1
3890,1,1
7834,0,1
1123,1,1
8000,0,0
7959,1,0
7977,0,1
7986,0,0
7998,0,0
7259,0,1
7312,0,0
7975,0,0
7338,1,1
5677,0,1
7943,0,1
7997,0,0
7812,0,0
849,0,1
7536,0,1
5181,0,1
5429,0,1
7655,0,0
5558,0,1
4746,1,0
7663,1,1
7773,0,1
1424,0,1
5280,0,1
7883,0,0
7994,0,1
6461,0,1
6765,1,1
7909,0,1
5000,1,1
7915,0,0
7925,0,0
5644,0,1
6638,0,1
7800,0,1
7960,0,0
6690,0,1
7168,0,1
7991,1,1
4314,1,1
7848,0,1
7632,0,1
7873,0,1
6504,0,0
7801,0,0
7061,1,0
7847,1,0
7633,0,1
7999,0,0
7984,0,1
7914,0,1
2897,1,1
7614,0,1
3318,1,1
7804,1,1
6083,1,1
6766,1,1
7982,0,0
4137,1,1
7913,0,0
7542,0,1
3780,1,1
7992,0,0
6205,0,1
5027,1,1
7949,0,0
7993,0,0
7818,0,1
7221,0,1
7815,1,1
6839,1,1
5646,1,1
7708,0,1
7985,1,0
7869,0,1
7882,0,0
7973,0,1
5679,0,0
7892,0,0
7530,1,1
6028,1,1
6565,0,1
3676,0,1
3221,1,1
7741,1,0
7779,0,1
7942,0,1
7845,0,1
7920,0,0
7996,0,1
2522,0,1
7990,0,0
7938,0,0
236,1,0
7080,0,1
5965,0,1
5447,1,1
7932,0,0
6685,0,1
5549,0,1
854,1,1
7295,0,1
6832,0,0
4807,1,1
6821,0,0
3169,0,1
7947,1,0
4514,1,1
6379,0,0
7814,0,1
7754,0,1
7717,1,0
6014,0,1
7775,1,0
3827,1,1
7976,0,0
5412,0,1
4504,1,0
7995,0,0
7395,0,1
214,1,1
7849,1,1
6321,0,0
5232,0,1
4958,0,1
7880,1,0
3979,0,1
7902,1,0
442,1,1
7330,0,1
7987,0,0
7719,0,0
7846,0,1
7823,0,0
7298,1,1
7963,0,1
5396,1,1
5704,0,0
7989,0,1
7588,0,0
7821,0,0
5588,0,0
6203,0,1
6582,1,0
7392,0,0
7226,0,1
7885,0,1
3326,0,1
7939,0,0
449,1,1
6934,1,1
7137,1,1
7951,0,0
7979,0,0
6682,1,1
1269,0,1
7890,0,1
8001,0,0
1419,1,1
7887,0,0
3525,0,1
6885,0,1
7893,0,0
7907,0,1
4775,0,1
4832,0,1
7824,0,0
3321,1,1
7965,0,0
2112,0,0
624,0,1
6877,0,0
4385,1,1
366,1,1
6206,1,1
7618,1,1
7879,0,0
6600,0,1
7685,1,1
7331,0,0
5933,0,1
7170,0,1
5201,0,1
3890,1,1
7834,0,1
1123,1,1
8000,0,0
7959,1,0
7977,0,1
7986,0,0
7998,0,0
7259,0,1
7312,0,0
7975,0,0
7338,0,1
5677,0,1
7943,0,1
7997,0,0
7812,0,0
849,0,1
7536,0,1
5181,0,1
5429,1,1
7655,0,0
5558,0,1
4746,1,0
7663,1,1
8010,0,0
7773,0,1
1424,0,1
5280,0,1
7883,0,0
8006,0,0
7994,0,1
6461,0,1
6765,1,1
7909,1,1
5000,1,1
7915,0,0
7925,0,0
5644,0,1
6638,0,1
8002,0,0
7800,0,1
7960,0,0
6690,0,1
7168,0,1
7991,1,1
4314,1,1
7848,0,1
7632,0,1
7873,0,1
6504,0,0
7801,0,0
7061,1,0
7847,1,0
7633,0,1
7984,0,1
7914,0,1
2897,1,1
8007,0,1
6052,0,0
7614,0,1
3318,1,1
7804,1,1
6083,1,1
6766,1,1
7982,0,0
4137,1,1
8009,0,1
7913,0,0
7542,0,1
3780,1,1
7992,0,0
6205,0,1
5027,1,1
7949,0,0
7993,0,0
7818,0,1
7221,0,1
7815,1,1
6839,1,1
5646,1,1
8011,0,1
7708,0,1
7985,1,0
7869,0,1
7882,0,0
7973,0,1
8012,0,1
5679,0,0
7892,0,0
7530,1,1
6028,1,1
6565,0,1
3676,0,1
3221,1,1
7741,1,0
7779,0,1
7942,0,1
7845,0,1
7920,0,0
7996,0,1
2522,0,1
7990,0,0
7938,0,0
236,1,0
7080,0,1
5965,0,1
5447,1,1
7932,0,0
6685,0,1
5549,0,1
854,1,1
7295,0,1
8003,0,0
4807,1,1
6821,1,0
3169,0,1
7947,1,0
4514,1,1
6379,0,0
7814,0,1
7754,0,1
7717,1,0
6014,0,1
7775,1,0
3827,1,1
7976,0,0
5412,0,1
4504,1,0
7995,0,0
7395,0,1
214,1,1
7849,1,1
6321,0,0
5232,0,1
4958,0,1
7880,1,0
3979,0,1
7902,1,0
442,1,1
7330,0,1
7987,0,0
8005,0,0
7846,0,1
8004,0,0
7823,0,0
7298,1,1
7963,0,1
5396,0,1
5704,0,0
7989,0,1
7588,0,0
7821,0,0
5588,0,0
6203,0,1
6582,0,0
7392,0,0
7226,0,1
7885,0,1
3326,0,1
449,1,1
6934,1,1
7137,1,1
7979,0,0
6682,1,1
1269,0,1
7037,0,0
7890,0,1
8001,0,0
1419,1,1
8008,0,0
7887,0,0
3525,0,1
6885,0,1
7893,0,0
7907,0,1
4775,0,1
4832,0,1
7824,0,0
3321,1,1
7965,0,0
2112,0,0
624,0,1
6877,0,0
4385,1,1
366,1,1
6206,1,1
7618,1,1
7879,0,0
6600,0,1
7685,1,1
7331,0,0
5933,0,1
7170,0,1
5201,0,1
3890,1,1
7834,0,1
1123,1,1
7959,1,0
8013,0,0
8016,0,0
7977,0,1
7986,0,0
7259,0,1
7312,0,0
7975,0,0
7338,0,1
5677,0,1
7943,0,1
7812,0,0
849,0,1
7536,0,1
5181,0,1
5429,1,1
7655,0,0
5558,0,1
7663,1,1
8010,1,0
7773,0,1
1424,0,1
5280,0,1
8020,0,1
7883,0,0
8006,0,0
7994,0,1
6461,0,1
6765,1,1
8017,0,0
7909,1,1
5000,1,1
7915,0,0
7925,0,0
5644,0,1
6638,0,1
7800,0,1
6690,0,1
7168,0,1
7991,1,1
4314,1,1
7848,0,1
7632,1,1
7873,0,1
6504,0,0
7801,0,0
7061,1,0
7847,0,0
7633,0,1
7984,0,1
7914,0,1
2897,1,1
8007,1,1
6052,0,0
7614,0,1
3318,1,1
7804,1,1
6083,1,1
6766,1,1
7982,0,0
4137,1,1
8009,0,1
7542,0,1
3780,1,1
7992,0,0
6205,0,1
5027,1,1
7949,0,0
7993,0,0
7818,0,1
7221,0,1
7815,1,1
6839,1,1
5646,1,1
8011,1,1
7708,0,1
7985,1,0
7869,0,1
7882,0,0
7973,0,1
8012,0,1
5679,0,0
7892,0,0
7530,1,1
6028,1,1
6565,0,1
3676,0,1
3221,1,1
7779,0,1
7942,0,1
8014,0,0
7845,0,1
7920,0,0
7996,0,1
2522,0,1
7990,0,0
7938,0,0
236,1,0
7080,0,1
5965,0,1
5447,1,1
7932,1,0
6685,0,1
5549,0,1
854,1,1
7295,0,1
8003,0,0
4807,1,1
6821,1,0
8018,1,0
3169,0,1
7947,0,0
4514,1,1
6379,0,0
7814,0,1
7754,0,1
7717,1,0
6014,0,1
7775,1,0
3827,1,1
7976,0,0
5412,0,1
7995,0,0
7395,0,1
214,1,1
7849,1,1
6321,0,0
5232,0,1
8019,0,1
4958,0,1
7880,1,0
3979,0,1
7902,1,0
442,1,1
7330,0,1
8005,0,0
7846,0,1
8004,1,0
7823,0,0
7298,1,1
7963,0,1
5396,0,1
5704,0,0
8015,0,0
7989,0,1
7588,0,0
7821,0,0
5588,0,0
6203,0,1
6582,1,0
7392,0,0
7226,0,1
7885,0,1
3326,0,1
449,1,1
6934,1,1
7137,1,1
6682,1,1
1269,0,1
7037,0,0
7890,0,1
1419,1,1
8008,0,0
7887,0,0
3525,0,1
6885,0,1
7893,0,0
7907,0,1
4775,0,1
4832,0,1
7824,0,0
3321,1,1
7965,0,0
624,0,1
6877,0,0
4385,1,1
6206,1,1
7618,1,1
7879,0,0
6600,0,1
7685,1,1
7331,0,0
5933,0,1
7170,0,1
5201,0,1
3890,1,1
7834,0,1
1123,1,1
7959,1,0
8016,1,0
7977,0,1
8021,0,0
7986,0,0
8022,0,0
7259,0,1
7312,0,0
7975,0,0
7338,1,1
5677,0,1
8023,0,1
7943,0,1
849,0,1
7536,0,1
5181,0,1
5429,0,1
7655,0,0
5558,0,1
7663,1,1
8010,0,0
7773,0,1
1424,0,1
5280,0,1
8020,0,1
7883,0,0
7994,0,1
6461,0,1
6765,1,1
8017,0,0
7909,1,1
5000,1,1
7925,0,0
5644,1,1
6638,0,1
7800,0,1
6690,0,1
7168,0,1
7991,1,1
4314,1,1
7848,0,1
7632,1,1
7873,0,1
7801,0,0
7061,1,0
7847,1,0
7633,0,1
7984,0,1
7914,0,1
2897,1,1
8007,1,1
7614,0,1
3318,1,1
7804,1,1
6083,1,1
6766,1,1
7982,0,0
4137,1,1
8009,0,1
7542,0,1
3780,1,1
6205,0,1
5027,1,1
7993,0,0
7818,0,1
7221,0,1
7815,1,1
6839,1,1
5646,1,1
8011,1,1
7708,0,1
7985,1,0
7869,0,1
7973,0,1
8012,0,1
5679,0,0
7892,0,0
7530,1,1
6459,0,0
6028,1,1
6565,0,1
3676,0,1
3221,1,1
7779,0,1
7942,0,1
7845,0,1
7920,0,0
7996,0,1
2522,1,1
7990,0,0
236,1,0
7080,0,1
5965,0,1
5447,1,1
7932,0,0
6685,0,1
5549,0,1
854,1,1
7295,0,1
4807,1,1
6821,1,0
8018,1,0
3169,0,1
7947,1,0
4514,0,1
7814,0,1
7754,0,1
7717,1,0
6014,0,1
7775,1,0
8025,0,0
3827,1,1
7976,0,0
5412,0,1
7995,0,0
7395,0,1
214,1,1
7849,1,1
5232,0,1
8019,1,1
4958,0,1
7880,1,0
3979,0,1
7902,0,0
442,1,1
7330,0,1
7846,0,1
8004,1,0
7823,0,0
7298,1,1
7963,0,1
5396,0,1
8015,0,0
7989,0,1
7588,0,0
7821,0,0
6203,0,1
6582,0,0
7392,0,0
7226,0,1
7885,0,1
3326,0,1
449,1,1
6934,1,1
7137,1,1
6682,1,1
1269,0,1
7037,0,0
7890,0,1
8024,0,0
1419,1,1
7887,0,0
3525,0,1
6885,0,1
7893,0,0
7907,0,1
4775,0,1
4832,0,1
3321,1,1
7965,0,0
624,0,1
6877,0,0
4385,1,1
366,1,1
6206,1,1
7618,1,1
7879,0,0
6600,0,1
7685,1,1
7331,0,0
5933,0,1
7170,0,1
5201,0,1
3890,1,1
7834,1,1
1123,1,1
7959,1,0
8016,1,0
7977,0,1
8021,0,0
8027,1,0
7986,0,0
8022,0,0
7259,0,1
7312,0,0
7975,0,0
7338,1,1
5677,0,1
8023,1,1
7943,0,1
849,0,1
7536,0,1
5181,0,1
5429,0,1
7655,0,0
5558,0,1
7663,1,1
8010,0,0
7773,0,1
1424,0,1
5280,0,1
8020,1,1
7994,0,1
6461,0,1
6765,1,1
8017,0,0
7909,1,1
5000,1,1
7925,0,0
5644,0,1
6638,0,1
7800,0,1
6690,0,1
7168,0,1
7991,1,1
4314,1,1
8032,0,0
7848,0,1
7632,1,1
7873,0,1
7801,0,0
7061,1,0
8028,0,0
7847,0,0
7633,0,1
7984,0,1
7914,0,1
2897,1,1
8007,1,1
8037,0,0
7614,0,1
3318,1,1
7804,1,1
6083,1,1
6766,1,1
7982,0,0
4137,1,1
8009,0,1
7542,0,1
8033,0,0
3780,1,1
6205,0,1
5027,1,1
7993,0,0
7818,0,1
7221,0,1
7815,1,1
6839,1,1
5646,1,1
8011,0,1
7708,0,1
7985,1,0
7869,0,1
7973,0,1
8012,0,1
5679,0,0
7530,1,1
6028,1,1
6565,0,1
3676,0,1
3221,1,1
7779,0,1
7942,0,1
8035,0,0
7845,0,1
7920,0,0
7996,0,1
2522,1,1
7990,0,0
236,0,0
7080,0,1
5965,0,1
5447,1,1
7932,0,0
6685,0,1
5549,0,1
854,1,1
7295,0,1
4807,1,1
6821,1,0
8018,1,0
3169,0,1
7947,1,0
4514,0,1
7814,1,1
7754,0,1
7717,1,0
6014,0,1
7775,1,0
8025,0,0
3827,1,1
7976,0,0
5412,0,1
7995,0,0
7395,0,1
214,1,1
7849,1,1
5232,0,1
8019,1,1
4958,0,1
7880,1,0
3979,0,1
442,1,1
7330,0,1
7846,0,1
8004,0,0
7823,0,0
7298,1,1
7963,0,1
5396,1,1
8015,0,0
7989,0,1
7588,0,0
7821,0,0
6203,0,1
6582,1,0
7392,0,0
7226,0,1
7885,0,1
3326,0,1
449,1,1
6934,1,1
7137,1,1
6682,1,1
1269,0,1
7037,0,0
7890,0,1
8031,0,1
8024,0,0
1419,1,1
7887,0,0
8026,0,0
3525,0,1
8036,1,1
6885,0,1
8029,0,0
7893,0,0
7907,0,1
4775,0,1
4832,0,1
3321,1,1
7965,0,0
624,0,1
6877,0,0
4385,1,1
8030,1,0
366,1,1
6206,1,1
8034,0,0
7618,1,1
7879,0,0
6600,0,1
7685,1,1
7331,0,0
5933,0,1
7170,0,1
5201,0,1
3890,1,1
7834,0,1
1123,1,1
7959,1,0
8016,0,0
7977,0,1
8040,0,0
8021,0,0
8027,1,0
7986,0,0
8022,0,0
7259,0,1
7312,0,0
7975,0,0
7338,0,1
5677,0,1
8023,1,1
8042,0,1
7943,0,1
7536,0,1
5181,0,1
5429,0,1
7655,0,0
5558,0,1
7663,1,1
7773,0,1
8045,0,0
1424,0,1
5280,0,1
8020,0,1
7994,0,1
6461,0,1
6765,1,1
8017,0,0
7909,1,1
5000,1,1
7925,0,0
5644,0,1
6638,0,1
7800,0,1
6690,0,1
7168,0,1
7991,1,1
4314,1,1
7848,0,1
7632,0,1
7873,0,1
7801,0,0
7061,1,0
7847,0,0
7633,0,1
7984,0,1
7914,0,1
2897,1,1
5630,1,1
8007,1,1
8048,0,1
8037,0,0
7614,0,1
3318,1,1
7804,1,1
6083,1,1
6766,1,1
8046,0,0
7982,0,0
4137,1,1
8009,0,1
7542,0,1
8033,0,0
3780,1,1
6205,0,1
5027,1,1
7993,0,0
7818,0,1
7221,0,1
7815,1,1
6839,1,1
5646,1,1
8011,1,1
7708,0,1
7985,0,0
7869,0,1
7973,0,1
8043,0,0
8012,0,1
5679,0,0
7530,1,1
6028,1,1
6565,0,1
3676,0,1
8038,0,0
3221,1,1
7779,0,1
7942,0,1
8035,0,0
7845,0,1
7920,0,0
7996,0,1
2522,1,1
7990,0,0
7080,0,1
5965,0,1
5447,1,1
7932,0,0
6685,0,1
5549,0,1
854,1,1
7295,0,1
4807,1,1
8018,1,0
3169,0,1
7947,1,0
4514,0,1
7814,0,1
7754,0,1
7717,1,0
6014,0,1
7775,1,0
8025,0,0
3827,1,1
7976,0,0
5412,0,1
8041,0,0
7995,0,0
7395,0,1
214,1,1
7849,1,1
5232,0,1
8019,1,1
4958,0,1
7880,1,0
3979,0,1
442,1,1
7330,0,1
7846,0,1
8004,1,0
7823,0,0
7298,1,1
7963,0,1
5396,1,1
8015,0,0
7989,0,1
7588,0,0
7821,0,0
6203,0,1
6582,0,0
7392,0,0
7226,0,1
7885,0,1
3326,0,1
449,1,1
6934,1,1
7137,1,1
6682,1,1
1269,0,1
7037,0,0
7890,0,1
8031,0,1
1419,1,1
8039,0,0
8026,0,0
3525,0,1
8036,1,1
6885,0,1
8029,0,0
7893,0,0
7907,0,1
4775,0,1
4832,0,1
3321,1,1
7965,0,0
624,0,1
6877,0,0
4385,1,1
8030,0,0
366,1,1
6206,1,1
8034,0,0
7618,1,1
7879,0,0
6600,0,1
7685,1,1
7331,0,0
5933,0,1
7170,0,1
5201,0,1
3890,1,1
7834,0,1
8050,0,0
8051,0,0
1123,1,1
8049,0,1
7959,0,0
8016,1,0
7977,0,1
8040,0,0
8021,0,0
8027,1,0
7986,0,0
7259,0,1
7312,0,0
7338,0,1
5677,0,1
8023,1,1
8042,0,1
7943,0,1
849,0,1
7536,0,1
5181,0,1
5429,0,1
7655,0,0
5558,0,1
7663,1,1
7773,0,1
1424,0,1
5280,0,1
8020,0,1
7994,0,1
6461,0,1
6765,1,1
8017,0,0
7909,1,1
5000,1,1
7925,0,0
5644,1,1
6638,0,1
7800,0,1
6690,0,1
7168,0,1
7991,1,1
4314,1,1
7848,0,1
7632,0,1
7873,0,1
7801,0,0
7061,1,0
7847,0,0
7633,0,1
7984,0,1
7914,0,1
2897,1,1
5630,1,1
8007,1,1
8048,0,1
8037,0,0
8052,0,1
7614,0,1
3318,1,1
7804,1,1
6083,1,1
6766,1,1
8046,0,0
7982,0,0
4137,1,1
8009,0,1
7542,0,1
8033,0,0
3780,1,1
6205,0,1
5027,1,1
7993,0,0
7818,0,1
7221,0,1
7815,1,1
6839,1,1
5646,1,1
8011,1,1
7708,0,1
7985,0,0
7869,0,1
7973,0,1
8043,0,0
8012,0,1
5679,0,0
7530,1,1
6028,1,1
6565,0,1
3676,0,1
3221,1,1
7779,0,1
7942,0,1
8035,0,0
7845,0,1
7920,0,0
7996,0,1
2522,1,1
7990,0,0
7080,0,1
5965,0,1
5447,1,1
7932,0,0
6685,0,1
5549,0,1
854,1,1
7295,0,1
4807,1,1
8018,1,0
3169,0,1
7947,0,0
4514,0,1
7814,0,1
7754,0,1
7717,1,0
6014,0,1
7775,1,0
8025,0,0
3827,1,1
7976,0,0
5412,0,1
7995,0,0
7395,0,1
214,1,1
7849,1,1
5232,0,1
8019,1,1
4958,0,1
7880,1,0
3979,0,1
442,1,1
7330,0,1
8053,0,0
7846,0,1
8004,0,0
7823,0,0
7298,1,1
7963,0,1
5396,0,1
7989,0,1
7588,0,0
7821,0,0
6203,0,1
6582,0,0
7392,0,0
7226,0,1
7885,0,1
3326,0,1
449,1,1
6934,1,1
7137,1,1
6682,1,1
1269,0,1
7037,0,0
7890,0,1
8031,0,1
1419,1,1
8039,1,0
8026,0,0
3525,0,1
8036,1,1
6885,0,1
7893,0,0
7907,0,1
4775,0,1
4832,0,1
3321,1,1
624,0,1
6877,0,0
4385,1,1
8030,1,0
366,1,1
6206,1,1
8034,0,0
7618,1,1
7879,0,0
6600,0,1
7685,1,1
7331,0,0
5933,0,1
7170,0,1
5201,0,1
3890,1,1
7834,0,1
8050,0,0
8051,0,0
1123,1,1
8049,0,1
7959,1,0
8016,1,0
7977,0,1
8040,0,0
8027,1,0
7986,0,0
7259,0,1
7312,0,0
7338,0,1
5677,0,1
8023,1,1
8042,0,1
7943,0,1
849,0,1
7536,0,1
5181,0,1
5429,0,1
7655,0,0
5558,0,1
7663,1,1
7773,0,1
8064,0,0
1424,0,1
5280,0,1
8020,0,1
8061,0,0
7994,0,1
6461,0,1
6765,1,1
8017,0,0
7909,1,1
5000,1,1
7925,0,0
5644,1,1
6638,0,1
7800,0,1
6690,0,1
7168,0,1
7991,1,1
8058,0,0
4314,1,1
7848,0,1
7632,0,1
7873,0,1
7801,0,0
7061,1,0
7847,1,0
7633,0,1
7984,0,1
7914,0,1
2897,1,1
5630,1,1
8007,1,1
8048,0,1
8037,0,0
8052,0,1
7614,0,1
3318,1,1
7804,1,1
6083,1,1
6766,1,1
7982,0,0
4137,1,1
8009,0,1
7542,0,1
8033,0,0
3780,1,1
6205,0,1
5027,1,1
7993,0,0
7818,0,1
7221,0,1
7815,1,1
8055,1,0
6839,1,1
5646,1,1
8011,1,1
7708,0,1
7869,0,1
7973,0,1
8043,0,0
8012,0,1
5679,0,0
7530,1,1
6028,0,1
6565,0,1
3676,0,1
3221,1,1
7779,0,1
7942,0,1
8035,0,0
7845,0,1
7920,0,0
7996,0,1
2522,1,1
7990,0,0
7080,0,1
5965,0,1
5447,1,1
7932,0,0
6685,0,1
8056,1,1
5549,0,1
854,1,1
7295,0,1
8059,0,0
4807,1,1
8018,1,0
3169,0,1
4514,0,1
7814,0,1
7754,0,1
7717,1,0
6014,0,1
7775,1,0
3827,1,1
7976,0,0
8054,0,1
5412,0,1
7995,0,0
7395,0,1
214,1,1
7849,1,1
5232,0,1
8019,1,1
4958,0,1
3979,0,1
442,1,1
7330,0,1
7846,0,1
8004,0,0
8062,0,0
7823,0,0
7298,1,1
7963,0,1
5396,1,1
7989,0,1
7588,0,0
7821,0,0
6203,0,1
6582,0,0
8060,0,0
7226,0,1
7885,0,1
3326,0,1
449,1,1
6934,1,1
7137,1,1
6682,1,1
1269,0,1
7037,0,0
7890,0,1
8031,0,1
1419,0,1
8039,0,0
3525,0,1
8036,1,1
6885,0,1
7893,0,0
7907,0,1
4775,0,1
4832,0,1
3321,1,1
624,0,1
6877,0,0
4385,1,1
8030,1,0
366,1,1
6206,1,1
8034,0,0
7618,1,1
6600,0,1
7685,1,1
7331,0,0
5933,0,1
7170,0,1
5201,0,1
3890,1,1
7834,1,1
8050,0,0
1123,1,1
8049,0,1
7959,1,0
8016,0,0
8066,0,1
7977,0,1
8027,1,0
7986,0,0
7259,0,1
7312,0,0
7338,0,1
5677,0,1
8023,1,1
8042,0,1
7943,0,1
849,0,1
7536,0,1
8065,0,0
5181,0,1
5429,0,1
7655,0,0
5558,0,1
7663,1,1
7773,0,1
8064,0,0
1424,0,1
5280,0,1
8020,0,1
8061,0,0
7994,0,1
6461,0,1
6765,1,1
8017,0,0
7909,1,1
5000,1,1
5644,0,1
6638,0,1
7800,0,1
6690,0,1
7168,0,1
7991,1,1
8063,0,1
8058,0,0
4314,1,1
7848,0,1
7632,1,1
7873,0,1
8068,0,1
7061,1,0
7847,0,0
7633,0,1
7984,0,1
7914,0,1
2897,1,1
5630,1,1
8007,1,1
8048,0,1
8037,0,0
8052,0,1
7614,0,1
3318,1,1
7804,1,1
6083,1,1
6766,1,1
7982,0,0
4137,1,1
8009,0,1
7542,0,1
8033,0,0
3780,1,1
6205,0,1
5027,1,1
7993,0,0
7818,0,1
7221,0,1
7815,1,1
8055,1,0
6839,1,1
5646,1,1
8011,1,1
7708,0,1
7869,0,1
7973,0,1
8043,0,0
8012,0,1
5679,0,0
7530,1,1
6028,1,1
6565,0,1
3676,0,1
3221,1,1
7779,0,1
7942,0,1
8035,0,0
7845,0,1
7920,0,0
7996,0,1
2522,1,1
7990,0,0
7080,0,1
5965,0,1
5447,1,1
7932,0,0
6685,0,1
8056,1,1
5549,0,1
854,1,1
7295,0,1
8059,0,0
4807,1,1
8018,1,0
3169,0,1
4514,0,1
7814,0,1
7754,0,1
7717,1,0
6014,0,1
7775,1,0
3827,1,1
7976,0,0
8054,0,1
5412,0,1
7995,0,0
7395,0,1
214,1,1
7849,1,1
5232,0,1
8019,1,1
4958,1,1
3979,0,1
442,1,1
7330,0,1
7846,0,1
8062,0,0
7823,0,0
7298,1,1
7963,0,1
5396,1,1
7989,0,1
7588,0,0
7821,0,0
6203,0,1
6582,0,0
8060,0,0
7226,0,1
7885,0,1
3326,0,1
449,1,1
6934,1,1
7137,1,1
6682,1,1
1269,0,1
7037,0,0
7890,0,1
8031,0,1
1419,0,1
8067,1,1
8039,1,0
3525,0,1
8036,1,1
6885,0,1
7907,0,1
4775,0,1
8069,0,1
4832,0,1
3321,1,1
624,0,1
6877,0,0
4385,1,1
8030,1,0
366,1,1
6206,1,1
8034,0,0
7618,1,1
8071,0,1
6600,0,1
7685,1,1
7331,0,0
5933,0,1
7170,0,1
5201,0,1
3890,1,1
7834,0,1
8050,0,0
1123,1,1
8049,0,1
7959,1,0
8066,0,1
7977,0,1
8027,1,0
7986,0,0
8074,0,0
7259,0,1
8073,0,0
7312,0,0
7338,0,1
5677,0,1
8023,1,1
8042,0,1
7943,0,1
849,0,1
7536,0,1
8070,0,0
8065,0,0
5181,0,1
5429,1,1
7655,0,0
5558,0,1
7663,0,1
7773,0,1
8075,0,0
1424,0,1
5280,0,1
8020,0,1
8061,0,0
7994,0,1
6461,0,1
6765,1,1
8017,0,0
7909,1,1
5000,1,1
5644,0,1
6638,0,1
7800,0,1
6690,0,1
7168,1,1
7991,1,1
8063,0,1
8058,0,0
4314,1,1
7848,0,1
7632,0,1
7873,0,1
8068,0,1
7061,1,0
7847,0,0
7633,0,1
7984,0,1
7914,0,1
2897,1,1
5630,1,1
8007,1,1
8048,0,1
8052,0,1
7614,0,1
3318,1,1
7804,1,1
6083,1,1
6766,1,1
7982,0,0
4137,1,1
8009,0,1
7542,0,1
8033,0,0
3780,1,1
6205,0,1
5027,1,1
7993,0,0
7818,0,1
7221,0,1
7815,1,1
8055,1,0
6839,1,1
5646,1,1
8011,1,1
7708,0,1
7869,0,1
7973,0,1
8043,0,0
8012,0,1
5679,0,0
7530,1,1
6028,1,1
6565,0,1
3676,0,1
3221,1,1
7779,0,1
7942,0,1
8035,0,0
7845,0,1
7920,0,0
7996,0,1
2522,1,1
7080,0,1
5965,0,1
5447,1,1
7932,0,0
6685,0,1
8056,1,1
5549,0,1
854,1,1
7295,0,1
8059,0,0
4807,1,1
8018,1,0
3169,0,1
4514,0,1
7814,0,1
7754,0,1
7717,1,0
6014,0,1
7775,1,0
3827,1,1
8054,0,1
5412,0,1
7995,0,0
7395,0,1
214,1,1
7849,1,1
5232,0,1
8019,1,1
4958,0,1
3979,0,1
442,1,1
7330,0,1
7846,0,1
8062,0,0
7823,0,0
7298,1,1
7963,0,1
5396,1,1
7989,0,1
7588,0,0
7821,0,0
6203,0,1
6582,0,0
8060,0,0
7226,0,1
7885,0,1
3326,0,1
449,1,1
6934,1,1
7137,1,1
6682,1,1
1269,0,1
7890,0,1
8031,0,1
1419,0,1
8067,1,1
8039,1,0
3525,0,1
8036,1,1
6885,0,1
7907,0,1
4775,0,1
8069,0,1
4832,0,1
3321,1,1
624,0,1
6877,0,0
4385,1,1
8030,1,0
366,1,1
8072,0,0
6206,1,1
8034,0,0
7618,0,1
8071,1,1
6600,0,1
7685,1,1
7331,0,0
5933,0,1
7170,0,1
5201,0,1
3890,1,1
7834,0,1
8083,0,1
1123,1,1
8049,0,1
7959,1,0
8066,0,1
7977,0,1
8027,1,0
7986,0,0
8074,0,0
7259,0,1
8073,0,0
7312,0,0
7338,0,1
5677,0,1
8078,1,1
8023,1,1
8042,0,1
7943,0,1
849,0,1
7536,0,1
8065,0,0
5181,0,1
5429,0,1
7655,0,0
5558,0,1
7663,0,1
7773,0,1
8075,0,0
1424,0,1
5280,0,1
8020,0,1
8061,0,0
7994,0,1
6461,0,1
6765,1,1
8017,0,0
7909,1,1
5000,1,1
5644,0,1
6638,0,1
7800,0,1
6690,0,1
7168,0,1
8081,0,1
7991,1,1
8063,0,1
4314,1,1
7848,0,1
7632,1,1
7873,0,1
8068,0,1
7061,1,0
7847,0,0
8082,1,0
7633,0,1
7984,0,1
7914,0,1
2897,1,1
5630,1,1
8007,1,1
8048,0,1
8052,0,1
7614,0,1
3318,1,1
7804,1,1
6083,1,1
6766,1,1
7982,0,0
8084,0,1
4137,1,1
8009,0,1
7542,0,1
8033,0,0
3780,1,1
8080,1,0
6205,0,1
5027,1,1
7993,0,0
7818,0,1
7221,0,1
7815,1,1
6839,1,1
5646,1,1
8011,1,1
7708,0,1
7869,0,1
7973,0,1
8043,0,0
8012,0,1
5679,0,0
7530,1,1
8077,1,1
8076,1,1
6028,1,1
6565,0,1
3676,0,1
3221,1,1
7779,0,1
7942,0,1
8035,0,0
7845,0,1
7920,0,0
7996,0,1
2522,1,1
7080,0,1
5965,0,1
5447,1,1
7932,0,0
6685,0,1
8056,1,1
5549,0,1
854,1,1
7295,0,1
8059,0,0
4807,1,1
8018,1,0
3169,0,1
4514,0,1
7814,0,1
7754,0,1
7717,1,0
6014,0,1
7775,1,0
3827,1,1
8054,0,1
5412,0,1
7995,0,0
7395,0,1
214,1,1
7849,1,1
5232,0,1
8019,1,1
4958,0,1
3979,0,1
442,1,1
7330,0,1
8079,0,0
7846,0,1
8062,0,0
7823,0,0
7298,1,1
7963,0,1
5396,1,1
7989,0,1
7588,0,0
7821,0,0
6203,0,1
6582,0,0
8060,0,0
7226,0,1
7885,0,1
3326,0,1
449,1,1
6934,1,1
7137,1,1
6682,1,1
1269,0,1
7890,0,1
8031,0,1
1419,0,1
8067,1,1
8039,0,0
3525,0,1
8036,1,1
6885,0,1
7907,0,1
4775,0,1
8069,0,1
4832,0,1
3321,1,1
624,0,1
6877,0,0
4385,1,1
8030,0,0
366,1,1
8072,0,0
6206,1,1
8034,0,0
7618,1,1
8071,1,1
6600,0,1
7685,1,1
5933,0,1
7170,0,1
5201,0,1
3890,1,1
7834,0,1
8083,1,1
8094,0,0
1123,1,1
8049,0,1
7959,0,0
8088,0,1
8085,0,0
8066,0,1
7977,0,1
8027,1,0
7986,0,0
8074,0,0
7259,0,1
8073,0,0
7312,0,0
7338,1,1
5677,0,1
8078,1,1
8023,1,1
8042,0,1
7943,0,1
849,0,1
7536,0,1
8065,0,0
5181,0,1
5429,0,1
7655,0,0
5558,0,1
7663,1,1
8093,0,0
7773,0,1
8075,0,0
1424,0,1
5280,0,1
8020,0,1
8061,0,0
7994,0,1
6461,0,1
6765,1,1
8017,0,0
7909,1,1
5000,1,1
5644,0,1
6638,0,1
7800,0,1
6690,0,1
7168,0,1
8090,0,0
8081,0,1
7991,1,1
8063,0,1
4314,1,1
8087,0,0
7848,0,1
7632,0,1
7873,0,1
8068,0,1
8086,0,1
7061,1,0
7847,0,0
8082,0,0
7633,0,1
7984,0,1
7914,0,1
2897,1,1
5630,1,1
8007,1,1
8048,0,1
8052,0,1
7614,0,1
3318,1,1
7804,1,1
6083,1,1
6766,1,1
7982,0,0
8084,0,1
4137,1,1
8009,0,1
7542,0,1
8033,0,0
3780,1,1
8080,1,0
6205,0,1
5027,1,1
7993,0,0
7818,0,1
7221,0,1
7815,1,1
6839,1,1
5646,1,1
8011,1,1
7708,0,1
7869,0,1
7973,0,1
8043,0,0
8012,0,1
5679,0,0
7530,1,1
8077,1,1
8076,0,1
6028,1,1
6565,0,1
3676,0,1
3221,1,1
7779,0,1
7942,0,1
8035,0,0
7845,0,1
7920,0,0
7996,0,1
2522,1,1
7080,0,1
5965,0,1
5447,1,1
7932,0,0
6685,0,1
8056,1,1
5549,0,1
854,1,1
7295,0,1
8059,0,0
4807,1,1
8018,1,0
3169,0,1
4514,0,1
7814,0,1
7754,0,1
7717,1,0
6014,0,1
7775,1,0
8089,0,0
3827,1,1
8054,0,1
5412,0,1
7995,0,0
7395,0,1
214,1,1
7849,1,1
5232,0,1
8019,1,1
4958,0,1
3979,0,1
442,1,1
7330,0,1
8079,0,0
7846,0,1
8091,0,1
7823,0,0
7298,1,1
7963,0,1
5396,0,1
7989,0,1
7588,0,0
6203,0,1
8060,0,0
7226,0,1
7885,0,1
3326,0,1
449,1,1
6934,1,1
7137,1,1
6682,1,1
1269,0,1
7890,0,1
8031,0,1
1419,1,1
8067,1,1
8039,0,0
8092,0,0
3525,0,1
8036,1,1
6885,0,1
7907,0,1
4775,0,1
8069,0,1
4832,0,1
3321,1,1
624,0,1
6877,0,0
4385,1,1
8030,0,0
366,1,1
8072,0,0
6206,1,1
8034,0,0
7618,1,1
8071,1,1
6600,0,1
7685,1,1
5933,0,1
7170,0,1
5201,0,1
3890,1,1
7834,0,1
8083,1,1
8094,1,0
1123,1,1
8049,0,1
8088,0,1
8085,0,0
8066,0,1
7977,0,1
8027,1,0
8074,0,0
7259,0,1
8073,0,0
7312,0,0
7338,0,1
5677,0,1
8078,1,1
8023,1,1
8042,0,1
8096,0,0
7943,0,1
849,0,1
7536,0,1
8097,0,0
5181,0,1
5429,0,1
7655,0,0
5558,0,1
7663,1,1
8093,1,0
7773,0,1
8075,0,0
1424,0,1
5280,0,1
8020,0,1
8061,0,0
7994,0,1
6461,0,1
6765,1,1
8017,0,0
7909,1,1
5000,1,1
5644,0,1
6638,0,1
7800,0,1
6690,0,1
7168,0,1
8090,0,0
8081,0,1
7991,1,1
8063,0,1
4314,1,1
7848,0,1
7632,1,1
7873,0,1
8068,0,1
8098,0,0
8086,1,1
7061,0,0
7847,0,0
8082,1,0
7633,0,1
8095,1,0
7984,0,1
7914,0,1
2897,1,1
5630,1,1
8007,1,1
8048,0,1
8052,0,1
7614,0,1
3318,1,1
7804,1,1
6083,1,1
6766,1,1
7982,0,0
8084,0,1
4137,1,1
8009,0,1
7542,0,1
8033,0,0
3780,1,1
8080,1,0
6205,0,1
5027,1,1
7993,0,0
7818,0,1
7221,0,1
7815,1,1
6839,1,1
5646,1,1
8011,1,1
7708,0,1
7869,0,1
7973,0,1
8043,0,0
8012,0,1
5679,0,0
7530,1,1
8077,1,1
8076,0,1
6028,1,1
6565,0,1
3676,0,1
3221,1,1
7779,0,1
7942,0,1
8035,0,0
7845,0,1
7996,0,1
2522,1,1
7080,0,1
5965,0,1
5447,1,1
7932,0,0
6685,0,1
8056,1,1
5549,0,1
854,1,1
7295,0,1
8059,0,0
4807,1,1
8018,1,0
3169,0,1
4514,1,1
7814,0,1
7754,0,1
6014,0,1
7775,1,0
3827,1,1
8054,0,1
5412,0,1
7995,0,0
7395,0,1
214,1,1
7849,1,1
5232,0,1
8019,1,1
4958,0,1
3979,0,1
442,1,1
5282,0,0
7330,0,1
7846,0,1
8091,1,1
7823,0,0
7298,1,1
7963,0,1
5396,1,1
7989,0,1
7588,0,0
6203,0,1
8060,0,0
7226,0,1
7885,0,1
3326,0,1
449,1,1
6934,1,1
7137,1,1
6682,1,1
1269,0,1
7890,0,1
8031,0,1
1419,1,1
8067,1,1
3525,0,1
8036,1,1
6885,0,1
7907,0,1
4775,0,1
8069,0,1
4832,0,1
3321,1,1
624,0,1
6877,0,0
4385,1,1
8099,0,0
8030,0,0
8072,0,0
6206,1,1
8034,0,0
7618,1,1
8071,1,1
6600,0,1
7685,1,1
5933,0,1
7170,0,1
5201,0,1
3890,1,1
7834,1,1
8083,1,1
1123,1,1
8049,0,1
8100,0,1
8085,0,0
8066,0,1
7977,0,1
8027,1,0
8088,0,1
7259,0,1
8073,0,0
7312,0,0
7338,0,1
5677,0,1
8078,1,1
8023,1,1
8042,0,1
7943,0,1
849,0,1
7536,0,1
8097,0,0
5181,0,1
5429,0,1
7655,0,0
5558,0,1
7663,1,1
8093,1,0
7773,0,1
1424,0,1
5280,0,1
8020,0,1
8061,0,0
8102,1,0
7994,0,1
6461,0,1
6765,1,1
8017,0,0
7909,1,1
5000,1,1
5644,0,1
6638,0,1
7800,0,1
6690,0,1
7168,0,1
8081,0,1
7991,1,1
8063,0,1
4314,1,1
7848,0,1
7632,0,1
7873,0,1
8068,0,1
8098,0,0
8086,1,1
8106,0,1
7847,0,0
8082,0,0
7633,0,1
8095,1,0
7984,0,1
7914,0,1
2897,1,1
5630,1,1
8007,1,1
8048,0,1
8052,0,1
8105,0,1
7614,0,1
3318,1,1
7804,1,1
6083,1,1
6766,1,1
8084,0,1
4137,1,1
8009,0,1
7542,0,1
3780,1,1
8080,1,0
6205,0,1
5027,1,1
7993,0,0
7818,0,1
7221,0,1
7815,1,1
6839,1,1
5646,1,1
8011,1,1
7708,0,1
7869,0,1
7973,0,1
8043,0,0
8012,0,1
5679,0,0
7530,1,1
8077,1,1
8076,0,1
6028,1,1
6565,0,1
3676,0,1
3221,1,1
7779,0,1
7942,0,1
8035,0,0
7845,0,1
8104,0,0
7996,0,1
2522,1,1
7080,0,1
5965,0,1
5447,1,1
6685,0,1
8056,1,1
5549,0,1
854,1,1
7295,0,1
8059,0,0
4807,1,1
8018,1,0
3169,0,1
4514,1,1
7814,0,1
7754,0,1
6014,0,1
7775,1,0
3827,1,1
8103,0,1
8054,0,1
5412,0,1
7995,0,0
7395,0,1
214,1,1
7849,1,1
5232,0,1
8019,1,1
4958,0,1
3979,0,1
442,1,1
7330,0,1
8101,1,1
7846,0,1
8091,1,1
7823,0,0
7298,1,1
7963,0,1
5396,1,1
7989,0,1
7588,0,0
6203,0,1
8060,0,0
7226,0,1
7885,0,1
3326,0,1
449,1,1
6934,1,1
7137,1,1
6682,1,1
1269,0,1
7890,0,1
8031,0,1
1419,0,1
8067,1,1
3525,0,1
8036,1,1
6885,0,1
7907,0,1
4775,0,1
8069,0,1
4832,0,1
3321,1,1
624,0,1
6877,0,0
4385,1,1
8099,1,0
8030,0,0
366,1,1
8072,0,0
6206,1,1
8034,0,0
7618,1,1
8071,1,1
6600,0,1
7685,1,1
5933,0,1
7170,0,1
5201,0,1
3890,1,1
7834,0,1
8083,1,1
1123,1,1
8049,0,1
8100,0,1
8085,0,0
8066,0,1
7977,0,1
8027,1,0
8088,0,1
8112,1,1
7259,0,1
8073,0,0
7312,0,0
7338,1,1
5677,0,1
8078,1,1
8023,1,1
8042,0,1
7943,0,1
849,0,1
8114,0,0
7536,0,1
5181,0,1
5429,0,1
7655,0,0
5558,0,1
7663,0,1
8093,1,0
7773,0,1
1424,0,1
5280,0,1
8020,0,1
8061,0,0
7994,0,1
6461,0,1
6765,1,1
8017,0,0
7909,1,1
5000,1,1
8113,0,1
5644,0,1
6638,0,1
7800,0,1
8111,0,1
6690,0,1
7168,0,1
8081,0,1
7991,0,1
8063,0,1
8115,1,0
4314,1,1
7848,0,1
7632,0,1
7873,0,1
8068,0,1
8086,1,1
8106,1,1
7847,0,0
8082,1,0
7633,0,1
8095,1,0
7984,0,1
7914,0,1
2897,1,1
5630,1,1
8007,1,1
8048,0,1
8052,0,1
8105,0,1
7614,0,1
3318,1,1
7804,1,1
6083,1,1
6766,1,1
8084,0,1
4137,1,1
8009,0,1
7542,0,1
3780,1,1
8080,0,0
6205,0,1
5027,1,1
7818,0,1
7221,0,1
7815,1,1
6839,1,1
5646,1,1
8011,1,1
7708,0,1
8109,0,0
7869,0,1
7973,0,1
8043,0,0
8012,0,1
5679,0,0
7530,1,1
8077,1,1
8076,0,1
6028,1,1
6565,0,1
3676,0,1
3221,1,1
7779,0,1
7942,0,1
7845,0,1
4773,0,0
7996,0,1
2522,1,1
7080,0,1
5965,0,1
5447,1,1
6685,0,1
8056,1,1
5549,0,1
854,1,1
7295,0,1
4807,1,1
8018,1,0
3169,0,1
4514,0,1
7814,0,1
7754,0,1
6014,0,1
7775,1,0
8110,1,0
3827,1,1
8103,0,1
8054,0,1
5412,0,1
7995,0,0
7395,0,1
214,1,1
7849,1,1
5232,0,1
8019,1,1
4958,0,1
3979,0,1
442,1,1
7330,0,1
8101,1,1
7846,0,1
8091,1,1
7298,1,1
8108,0,0
7963,0,1
5396,1,1
7989,0,1
7588,0,0
6203,0,1
8060,0,0
7226,0,1
7885,0,1
3326,0,1
449,1,1
6934,1,1
7137,1,1
6682,1,1
1269,0,1
7890,0,1
8031,0,1
1419,1,1
8067,1,1
3525,0,1
8036,1,1
6885,0,1
7907,0,1
8107,0,0
4775,0,1
8069,0,1
4832,0,1
3321,1,1
624,0,1
4385,1,1
8099,1,0
366,1,1
8072,0,0
6206,1,1
7618,1,1
8071,1,1
6600,0,1
7685,1,1
5933,0,1
7170,0,1
5201,0,1
3890,1,1
7834,0,1
8083,1,1
1123,1,1
8049,0,1
8100,0,1
8085,0,0
8066,0,1
7977,0,1
8027,1,0
8088,0,1
8112,1,1
7259,0,1
8073,0,0
7312,0,0
7338,0,1
5677,0,1
8078,1,1
8023,1,1
8042,0,1
7943,0,1
7536,0,1
5181,0,1
5429,1,1
7655,0,0
5558,0,1
7663,1,1
8093,1,0
7773,0,1
1424,0,1
5280,0,1
8020,0,1
7994,0,1
6461,0,1
6765,1,1
8017,0,0
8121,0,0
7909,1,1
5000,1,1
8113,0,1
5644,0,1
6638,0,1
8119,0,0
7800,0,1
8111,0,1
6690,0,1
7168,0,1
8120,0,0
8081,0,1
7991,1,1
8063,0,1
8115,1,0
4314,1,1
7848,0,1
7632,0,1
7873,0,1
8068,0,1
8086,1,1
8106,1,1
7847,1,0
8082,1,0
7633,0,1
8122,0,0
8095,1,0
7984,0,1
7914,0,1
2897,1,1
5630,1,1
8007,1,1
8048,0,1
8052,0,1
8105,0,1
7614,0,1
3318,1,1
7804,1,1
6083,1,1
8118,0,1
6766,1,1
8084,0,1
5746,0,0
4137,1,1
8009,0,1
7542,0,1
3780,1,1
6205,0,1
5027,1,1
7818,0,1
7221,0,1
7815,1,1
6839,1,1
5646,1,1
8011,1,1
7708,0,1
7869,0,1
7973,0,1
8043,0,0
8012,0,1
7530,1,1
8077,1,1
8076,0,1
6028,1,1
6565,0,1
3676,0,1
3221,1,1
7779,0,1
7942,0,1
7845,0,1
4773,1,0
7996,0,1
2522,1,1
7080,0,1
5965,0,1
5447,1,1
6685,0,1
8056,1,1
5549,0,1
8117,0,1
7295,0,1
4807,1,1
8018,1,0
3169,0,1
4514,0,1
7814,0,1
7754,0,1
6014,0,1
7775,1,0
8110,1,0
3827,1,1
8103,0,1
8054,0,1
5412,0,1
7395,0,1
214,1,1
7849,1,1
5232,0,1
8019,1,1
4958,0,1
3979,0,1
442,1,1
7330,0,1
8101,1,1
7846,0,1
8091,1,1
7298,1,1
8108,0,0
7963,0,1
5396,0,1
7989,0,1
7588,0,0
6203,0,1
8060,0,0
7226,0,1
7885,0,1
3326,0,1
449,1,1
6934,1,1
7137,1,1
6682,1,1
1269,0,1
7890,0,1
8031,0,1
1419,0,1
8067,0,1
3525,0,1
8036,1,1
6885,0,1
7907,0,1
8107,0,0
4775,0,1
8069,0,1
4832,0,1
3321,1,1
624,0,1
4385,1,1
8099,1,0
8116,0,0
366,1,1
6206,1,1
7618,1,1
8071,1,1
6600,0,1
7685,1,1
5933,0,1
7170,0,1
5201,0,1
3890,1,1
7834,0,1
8083,1,1
1123,1,1
8049,0,1
8100,0,1
8066,0,1
7977,0,1
8027,1,0
8088,0,1
8123,0,1
8112,1,1
7259,0,1
8073,0,0
7312,0,0
7338,0,1
5677,0,1
8078,1,1
8023,1,1
8042,0,1
7943,0,1
849,0,1
7536,0,1
5181,0,1
5429,0,1
7655,0,0
8126,1,0
5558,0,1
7663,1,1
8093,0,0
7773,0,1
1424,0,1
5280,0,1
8020,0,1
7994,0,1
6461,0,1
6765,1,1
7909,1,1
5000,1,1
8113,0,1
5644,0,1
6638,0,1
8119,0,0
7800,0,1
8111,0,1
6690,0,1
7168,0,1
8081,0,1
7991,1,1
8063,0,1
8115,1,0
4314,1,1
7848,0,1
7632,0,1
7873,0,1
8068,0,1
8086,1,1
8106,1,1
7847,1,0
8082,0,0
8127,0,0
7633,0,1
7984,0,1
7914,0,1
2897,1,1
5630,1,1
8007,1,1
8048,0,1
8052,0,1
8105,0,1
7614,0,1
3318,1,1
7804,1,1
6083,1,1
8118,0,1
6766,1,1
8084,0,1
5746,0,0
4137,1,1
8009,0,1
7542,0,1
3780,1,1
6205,0,1
5027,1,1
7818,0,1
7221,0,1
7815,1,1
6839,1,1
5646,1,1
8011,1,1
7708,0,1
7869,0,1
7973,0,1
8043,0,0
8012,0,1
7530,1,1
8124,0,1
8077,1,1
8076,0,1
6028,1,1
6565,0,1
3676,0,1
3221,1,1
7779,0,1
7942,0,1
7845,0,1
4773,1,0
7996,0,1
2522,1,1
8125,0,1
7080,0,1
5965,0,1
5447,1,1
6685,0,1
8056,1,1
5549,0,1
8117,0,1
854,1,1
7295,0,1
4807,1,1
8018,1,0
3169,0,1
4514,1,1
7814,0,1
7754,0,1
6014,0,1
7775,1,0
3827,1,1
8103,0,1
8054,0,1
5412,0,1
7395,0,1
214,1,1
7849,1,1
5232,0,1
8019,1,1
4958,0,1
3979,0,1
442,1,1
7330,0,1
8101,1,1
7846,0,1
8091,1,1
7298,1,1
7963,0,1
5396,0,1
7989,0,1
7588,0,0
6203,0,1
8060,0,0
7226,0,1
7885,0,1
3326,0,1
449,1,1
6934,1,1
7137,1,1
6682,1,1
1269,0,1
7890,0,1
8031,0,1
1419,0,1
8067,1,1
3525,0,1
8036,1,1
6885,0,1
7907,0,1
8107,0,0
4775,0,1
8069,0,1
4832,0,1
3321,1,1
624,0,1
4385,1,1
8099,1,0
366,1,1
6206,1,1
7618,1,1
8071,1,1
6600,0,1
7685,1,1
5933,0,1
7170,0,1
5201,0,1
3890,1,1
7834,0,1
8083,1,1
1123,1,1
8049,0,1
8100,0,1
8066,0,1
7977,0,1
8027,0,0
8088,0,1
8123,0,1
8132,0,1
8112,1,1
7259,0,1
8073,0,0
7312,0,0
7338,1,1
5677,0,1
8078,1,1
8023,1,1
8042,0,1
7943,0,1
849,0,1
7536,0,1
5181,0,1
5429,0,1
7655,0,0
8126,1,0
5558,0,1
7663,1,1
8093,0,0
7773,0,1
1424,0,1
5280,0,1
8020,0,1
7994,0,1
6461,0,1
6765,1,1
7909,1,1
5000,1,1
8113,0,1
5644,0,1
6638,1,1
7800,0,1
8111,0,1
6690,0,1
7168,0,1
8081,0,1
7991,1,1
8063,0,1
8115,1,0
4314,1,1
7848,0,1
7632,1,1
7873,0,1
8068,0,1
8086,1,1
8106,1,1
7847,0,0
8082,0,0
8127,0,0
8129,0,1
7633,0,1
7984,0,1
7914,0,1
2897,1,1
5630,1,1
8007,1,1
8048,0,1
8052,0,1
8105,0,1
7614,0,1
3318,1,1
7804,1,1
6083,1,1
8118,0,1
6766,1,1
8084,0,1
5746,0,0
4137,1,1
8009,0,1
7542,0,1
3780,1,1
6205,0,1
5027,1,1
7818,0,1
7221,0,1
7815,1,1
6839,1,1
5646,1,1
8136,0,0
8011,1,1
7708,0,1
7869,0,1
7973,0,1
8043,0,0
8012,0,1
7530,1,1
8124,0,1
8077,1,1
8076,0,1
8128,0,0
6028,1,1
6565,0,1
3676,0,1
3221,1,1
7779,0,1
7942,0,1
7845,0,1
4773,1,0
7996,0,1
2522,1,1
8125,0,1
7080,0,1
5965,0,1
5447,1,1
6685,0,1
8056,1,1
5549,0,1
8117,0,1
854,1,1
7295,0,1
8133,1,1
4807,1,1
8018,0,0
3169,0,1
4514,1,1
7814,0,1
7754,0,1
6014,0,1
7775,1,0
3827,1,1
8103,0,1
8054,0,1
5412,0,1
7395,0,1
214,1,1
7849,1,1
5232,0,1
8019,1,1
4958,0,1
3979,0,1
442,1,1
8134,0,1
7330,0,1
8101,1,1
7846,0,1
8091,1,1
8130,0,0
8131,0,1
7298,1,1
7963,0,1
5396,1,1
7989,0,1
7588,0,0
6203,0,1
8060,0,0
7226,0,1
7885,0,1
3326,0,1
449,1,1
6934,1,1
7137,1,1
6682,1,1
1269,0,1
7890,0,1
8031,0,1
1419,0,1
8067,1,1
3525,0,1
8036,1,1
6885,0,1
7907,0,1
4775,0,1
8069,0,1
4832,0,1
3321,1,1
624,0,1
4385,1,1
8135,0,1
8099,1,0
8137,0,0
366,1,1
6206,1,1
7618,1,1
8071,1,1
6600,0,1
7685,1,1
5933,0,1
7170,0,1
5201,0,1
3890,1,1
7834,0,1
8083,1,1
1123,1,1
8144,0,1
8049,0,1
8100,0,1
8066,0,1
7977,0,1
8027,1,0
8088,0,1
8123,0,1
8143,0,1
8132,0,1
8112,1,1
7259,0,1
8142,0,0
7312,0,0
7338,0,1
5677,0,1
8078,1,1
8023,1,1
8042,0,1
7943,0,1
849,0,1
7536,0,1
5181,0,1
5429,0,1
7655,0,0
5558,0,1
7663,0,1
8093,1,0
7773,0,1
1424,0,1
5280,0,1
8020,0,1
8140,0,0
7994,0,1
6461,0,1
6765,1,1
7909,1,1
5000,1,1
8113,0,1
5644,1,1
6638,0,1
7800,0,1
8111,0,1
6690,0,1
7168,0,1
8081,0,1
7991,1,1
8063,0,1
8115,0,0
4314,1,1
7848,0,1
7632,0,1
7873,0,1
8068,0,1
8086,1,1
8145,1,1
8106,1,1
8129,0,1
7633,0,1
7984,0,1
7914,0,1
8141,1,1
2897,1,1
5630,1,1
8139,1,1
8007,1,1
8048,0,1
8138,0,1
7139,0,0
8052,0,1
8105,0,1
7614,0,1
3318,1,1
7804,1,1
6083,1,1
8118,0,1
6766,1,1
8084,0,1
5746,0,0
4137,1,1
8009,0,1
7542,0,1
3780,1,1
6205,0,1
5027,1,1
7818,0,1
7221,0,1
7815,1,1
6839,1,1
5646,1,1
8136,0,0
8011,1,1
7708,0,1
7869,0,1
7973,0,1
8012,0,1
7530,1,1
8124,0,1
8077,1,1
8076,0,1
8128,0,0
6028,1,1
6565,0,1
3676,0,1
3221,1,1
7779,0,1
7942,0,1
7845,0,1
4773,0,0
7996,0,1
2522,1,1
8125,0,1
7080,0,1
5965,0,1
5447,1,1
6685,0,1
8056,1,1
5549,0,1
8117,0,1
854,1,1
7295,0,1
8133,0,1
4807,1,1
3169,0,1
4514,0,1
7814,0,1
7754,0,1
6014,0,1
7775,1,0
3827,1,1
8103,0,1
8054,0,1
5412,0,1
7395,0,1
214,1,1
7849,1,1
5232,0,1
8019,1,1
4958,0,1
3979,0,1
442,1,1
8134,0,1
7330,0,1
8101,1,1
7846,0,1
8091,1,1
8130,0,0
8131,0,1
7298,1,1
7963,0,1
5396,0,1
7989,0,1
7588,0,0
6203,0,1
7226,0,1
7885,0,1
3326,0,1
449,1,1
6934,1,1
7137,1,1
6682,1,1
1269,0,1
7890,0,1
8031,0,1
1419,1,1
8067,1,1
3525,0,1
8036,1,1
6885,0,1
7907,0,1
8146,0,1
4775,0,1
8069,0,1
4832,0,1
3321,1,1
624,0,1
4385,1,1
8135,0,1
8099,1,0
8137,0,0
366,1,1
6206,1,1
7618,1,1
8147,0,0
8071,1,1
6600,0,1
7685,1,1
5933,0,1
7170,0,1
5201,0,1
3890,1,1
7834,0,1
8083,1,1
1123,0,1
8144,0,1
8049,0,1
8100,0,1
8066,0,1
7977,0,1
8027,0,0
8088,0,1
8123,0,1
8143,0,1
8132,0,1
8112,1,1
7259,0,1
8142,0,0
7338,0,1
5677,0,1
8149,0,0
8078,1,1
8023,1,1
8042,0,1
7943,0,1
8152,0,1
849,0,1
7536,0,1
5181,0,1
5429,1,1
5558,0,1
7663,1,1
8093,0,0
7773,0,1
1424,0,1
5280,0,1
8020,1,1
8140,0,0
7994,0,1
6461,0,1
6765,1,1
7909,1,1
5000,1,1
8113,0,1
5644,0,1
6638,0,1
7800,0,1
8111,0,1
6690,0,1
7168,0,1
8081,0,1
7991,1,1
8063,0,1
8115,0,0
4314,1,1
7848,0,1
7632,0,1
7873,0,1
8068,0,1
8086,1,1
8145,1,1
8106,1,1
8129,0,1
7633,0,1
7984,0,1
7914,0,1
8141,1,1
2897,1,1
5630,1,1
8139,1,1
8007,1,1
8048,0,1
8138,0,1
8052,0,1
8105,0,1
7614,0,1
3318,1,1
7804,1,1
6083,1,1
8118,0,1
6766,1,1
8084,0,1
4137,1,1
8009,0,1
7542,0,1
8150,0,1
3780,1,1
6205,0,1
5027,1,1
7818,0,1
7221,0,1
7815,1,1
6839,1,1
5646,1,1
8011,1,1
7708,0,1
7869,0,1
7973,0,1
8012,0,1
7530,1,1
8151,0,1
8124,0,1
8077,1,1
8076,0,1
8128,0,0
6028,1,1
6565,0,1
3676,0,1
3221,1,1
7779,0,1
7942,0,1
7845,0,1
7996,0,1
2522,1,1
8125,0,1
7080,0,1
5965,0,1
5447,1,1
6685,0,1
8056,1,1
5549,0,1
8117,0,1
854,1,1
7295,0,1
8133,0,1
4807,1,1
8153,0,1
3169,0,1
4514,0,1
7814,0,1
7754,0,1
6014,0,1
3827,1,1
8103,0,1
8054,0,1
5412,0,1
7395,0,1
214,1,1
7849,1,1
5232,0,1
8019,1,1
4958,0,1
3979,0,1
442,1,1
8134,0,1
7330,0,1
8101,1,1
7846,0,1
8091,1,1
8130,0,0
8131,0,1
7298,1,1
7963,0,1
5396,0,1
7989,0,1
7588,0,0
6203,0,1
7226,0,1
7885,0,1
3326,0,1
449,1,1
6934,1,1
7137,1,1
6682,1,1
1269,0,1
7890,0,1
8031,0,1
1419,1,1
8067,1,1
3525,0,1
8036,1,1
6885,0,1
7907,0,1
8146,0,1
4775,0,1
8069,0,1
4832,0,1
3321,1,1
624,0,1
4385,1,1
8135,0,1
8099,0,0
366,1,1
6206,1,1
7618,1,1
8147,0,0
8071,1,1
6600,0,1
7685,1,1
5933,0,1
7170,0,1
5201,0,1
3890,1,1
7834,0,1
8083,1,1
1123,1,1
8144,0,1
8049,0,1
8100,0,1
8066,0,1
8161,0,1
7977,0,1
8088,0,1
8123,0,1
8143,0,1
8132,0,1
8112,1,1
7259,0,1
7338,0,1
5677,0,1
8149,0,0
8078,1,1
8023,0,1
8042,0,1
7943,0,1
8152,1,1
849,0,1
7536,0,1
5181,0,1
5429,1,1
5558,0,1
7663,0,1
8093,0,0
7773,0,1
1424,0,1
5280,0,1
8020,0,1
8156,0,1
8163,0,1
8140,0,0
7994,0,1
6461,0,1
6765,1,1
7909,1,1
5000,1,1
8113,0,1
5644,0,1
6638,0,1
8155,1,1
7800,0,1
8111,0,1
6690,0,1
7168,0,1
8081,0,1
7991,1,1
8063,0,1
4314,1,1
7848,0,1
7632,1,1
7873,0,1
8068,0,1
8158,0,0
8086,1,1
8145,1,1
8106,1,1
8129,0,1
7633,0,1
7984,0,1
7914,0,1
8141,1,1
2897,1,1
5630,1,1
8139,1,1
8007,1,1
8048,0,1
8138,0,1
8052,0,1
8105,0,1
7614,0,1
3318,1,1
7804,1,1
6083,1,1
8118,0,1
6766,1,1
8084,0,1
4137,1,1
8009,0,1
7542,0,1
8150,0,1
3780,1,1
6205,0,1
5027,1,1
7818,0,1
7221,0,1
7815,1,1
6839,1,1
5646,1,1
8011,1,1
7708,0,1
7869,0,1
7973,0,1
8012,0,1
7530,1,1
8151,0,1
8124,0,1
8077,1,1
8076,0,1
8128,0,0
6028,1,1
6565,0,1
3676,0,1
3221,1,1
7779,0,1
7942,0,1
7845,0,1
7996,0,1
2522,1,1
8125,0,1
8154,0,1
7080,0,1
5965,0,1
5447,1,1
6685,0,1
8056,1,1
5549,0,1
8117,0,1
854,1,1
7295,0,1
8133,0,1
4807,1,1
8160,0,1
8153,0,1
3169,0,1
4514,0,1
7814,0,1
7754,0,1
6014,0,1
8159,0,1
3827,1,1
8103,0,1
8054,0,1
5412,0,1
7395,0,1
214,1,1
7849,1,1
5232,0,1
8019,1,1
4958,0,1
3979,0,1
442,1,1
8134,0,1
7330,0,1
8101,1,1
7846,0,1
8091,1,1
8131,0,1
8157,0,1
7298,1,1
7963,0,1
5396,0,1
7989,0,1
6203,0,1
7226,0,1
7885,0,1
3326,0,1
449,1,1
6934,1,1
7137,1,1
6682,1,1
1269,0,1
7890,0,1
8031,0,1
1419,1,1
8067,1,1
8162,0,0
3525,0,1
8036,1,1
6885,0,1
7907,0,1
8146,0,1
4775,0,1
8069,0,1
4832,0,1
3321,1,1
624,0,1
4385,1,1
8135,0,1
8099,0,0
366,1,1
6206,1,1
7618,1,1
8071,1,1
6600,0,1
7685,1,1
5933,0,1
7170,0,1
5201,0,1
3890,1,1
7834,0,1
8083,1,1
1123,1,1
8144,0,1
8049,0,1
8100,0,1
8066,0,1
8161,0,1
7977,0,1
8088,0,1
8123,0,1
8143,0,1
8132,0,1
8112,1,1
7259,0,1
7338,0,1
5677,0,1
8078,1,1
8023,0,1
7896,0,1
8042,0,1
7943,0,1
8152,0,1
849,0,1
7536,0,1
5181,0,1
5429,0,1
5558,0,1
7663,0,1
7773,0,1
1424,0,1
5280,0,1
8020,0,1
8156,0,1
8163,0,1
7994,0,1
6461,0,1
6765,1,1
7909,1,1
5000,1,1
8113,0,1
5644,0,1
6638,0,1
8155,1,1
7800,0,1
8111,0,1
6690,0,1
7168,0,1
8081,0,1
7991,1,1
8063,0,1
4314,1,1
7848,0,1
7632,1,1
7873,0,1
8068,0,1
8086,0,1
8145,1,1
8106,1,1
8129,0,1
7633,0,1
7984,0,1
7914,0,1
8141,1,1
2897,1,1
5630,1,1
8139,1,1
8007,0,1
8048,0,1
8138,0,1
8052,0,1
8105,0,1
7204,0,1
7614,0,1
3318,1,1
7804,1,1
6083,1,1
8118,0,1
6766,1,1
8084,0,1
4137,1,1
8170,0,1
8009,0,1
7542,0,1
8150,0,1
3780,1,1
6205,0,1
5027,1,1
7818,0,1
7221,0,1
7815,1,1
6839,1,1
5646,1,1
8164,0,1
8011,1,1
7708,0,1
7869,0,1
7973,0,1
8012,0,1
8166,0,1
7530,1,1
8151,0,1
8124,0,1
8077,1,1
8076,0,1
6028,1,1
6565,0,1
3676,0,1
8165,0,1
3221,1,1
7779,0,1
7942,0,1
7845,0,1
7996,0,1
2522,1,1
8125,0,1
8154,0,1
7080,0,1
5965,0,1
5447,1,1
6685,0,1
8056,1,1
5549,0,1
8117,0,1
854,1,1
7295,0,1
8133,0,1
4807,1,1
8160,0,1
8153,0,1
3169,0,1
4514,0,1
7814,0,1
7754,0,1
6014,0,1
8159,0,1
3827,1,1
8103,0,1
8054,0,1
5412,0,1
7395,0,1
214,1,1
7849,1,1
5232,0,1
8019,1,1
4958,0,1
3979,0,1
442,1,1
8134,0,1
7330,0,1
8101,1,1
7846,0,1
8091,1,1
8167,0,1
8131,0,1
8157,0,1
7298,1,1
7963,0,1
5396,0,1
7989,0,1
6203,0,1
7226,0,1
7885,0,1
3326,0,1
449,1,1
6934,1,1
7137,1,1
6682,1,1
1269,0,1
7890,0,1
8031,0,1
1419,1,1
8067,0,1
8169,0,1
3525,0,1
8036,1,1
6885,0,1
7907,0,1
8146,0,1
4775,0,1
8069,0,1
4832,0,1
3321,1,1
624,0,1
4385,1,1
8135,0,1
366,1,1
6206,1,1
7618,1,1
