id_trabajador,depto,TiempoViaje,Distancia,GMU2010,IMU2010,pobtot_10,nDelitos,tDelitos
7614,3,4.044,11.16666667,Medio,-0.385804171,5279,43,8.145482099
7206,3,3.611,11.46666667,Alto,0.775709615,154,0,0
1269,3,38.254,50.63333333,Medio,-0.456244718,3207,31,9.666354849
7649,3,4.044,11.16666667,Medio,-0.385804171,5279,43,8.145482099
7590,3,5.874,14.03333333,Medio,-0.61658299,2599,26,10.00384763
5412,3,2.202,7.583333333,Muy bajo,-1.185895292,2732,77,28.18448023
7579,3,2.202,7.583333333,Muy bajo,-1.185895292,2732,77,28.18448023
7589,3,4.534,11.33333333,NA,NA,NA,0,NA
8033,3,4.187,12.31666667,Medio,0.040606422,8319,52,6.250751292
7602,3,2.202,7.583333333,Muy bajo,-1.185895292,2732,77,28.18448023
7615,3,2.202,7.583333333,Muy bajo,-1.185895292,2732,77,28.18448023
445,3,25.547,39.68333333,Alto,0.274627051,6366,0,0
6766,3,11.067,26.78333333,Medio,-0.401797782,2830,13,4.593639576
7587,4,22.816,39.53333333,Bajo,-0.782702953,2586,0,0
7483,4,5.15,13.38333333,Medio,-0.572281914,5320,0,0
116,4,26.562,53.38333333,Bajo,-0.706208905,4405,0,0
4287,4,13.305,23.95,Bajo,-0.641096075,5774,79,13.68202286
7314,4,5.668,17.8,Medio,-0.539218696,4629,0,0
7970,4,22.637,44.83333333,Muy bajo,-1.0058037,3928,0,0
7292,4,9.556,26.8,Medio,-0.192534208,3358,33,9.827278142
7654,4,17.171,36.11666667,Muy alto,1.352574696,2430,0,0
7985,4,7.787,16.31666667,Medio,-0.536756599,2182,0,0
7959,4,5.668,17.8,Medio,-0.539218696,4629,0,0
4366,4,3.939,9.8,Muy bajo,-1.203307417,3272,0,0
7814,4,10.365,22.71666667,Muy bajo,-0.996838508,3714,0,0
7574,4,1.614,4.566666667,Bajo,-0.693602244,3051,0,0
849,4,12.427,21.25,Muy bajo,-1.520128566,411,23,55.96107056
5901,4,17.634,40.33333333,NA,NA,NA,0,NA
7607,4,12.578,25.85,Medio,-0.013612504,6094,0,0
8099,4,11.215,24.43333333,Medio,-0.090908055,5152,0,0
7104,4,15.619,28.06666667,Alto,0.172689659,5642,0,0
7400,4,17.134,33.53333333,Medio,-0.155172534,4486,0,0
8091,4,16.291,31.53333333,Alto,0.170723607,6916,0,0
4385,4,15.298,33.85,Alto,0.314043979,3588,0,0
5447,4,24.438,33.33333333,Bajo,-0.908064849,2812,0,0
7940,4,6,18.73333333,Medio,0.003863291,3852,0,0
3321,4,12.108,22.48333333,Alto,0.316388984,3962,0,0
8019,4,8.516,17.4,Medio,-0.171947102,1014,0,0
8152,5,3.655,11.01666667,Bajo,-0.731233958,5447,34,6.241968056
8090,5,19.9,49,Alto,0.453320424,9150,0,0
7632,5,27.925,55.93333333,Alto,0.783742363,6499,0,0
442,5,20.385,41.96666667,Medio,-0.505153413,4771,0,0
7894,5,25.538,46.53333333,Alto,0.595616054,6518,73,11.19975453
8101,5,5.677,17.2,Bajo,-0.634631204,5247,21,4.002287021
8108,5,3.655,11.01666667,Bajo,-0.731233958,5447,34,6.241968056
6582,5,20.109,49.3,Alto,0.820802431,4565,0,0
7670,5,8.844,22.06666667,Medio,-0.203265732,501,3,5.988023952
3827,5,1.541,5.116666667,Bajo,-0.900912665,5216,162,31.05828221
7722,5,17.447,44.96666667,Medio,-0.276642945,451,21,46.5631929
7335,5,35.263,68.88333333,Alto,0.80969156,4449,0,0
854,5,12.301,32.85,Alto,0.344383894,3440,27,7.848837209
7725,5,4.842,11.55,Bajo,-0.668747934,2188,24,10.96892139
6791,5,15.163,33.81666667,Medio,-0.363447737,4672,0,0
8155,5,8.391,20.63333333,Medio,-0.456244718,3207,31,9.666354849
8115,5,42.691,54.28333333,Bajo,-0.6998975,1487,0,0
7575,5,25.385,58.06666667,Medio,-0.421567378,4752,31,6.523569024
7763,5,2.332,8.166666667,Medio,-0.585704944,4962,45,9.068923821
5506,5,6.274,17.46666667,Medio,-0.50074742,3183,74,23.2485077
2522,5,27.925,55.93333333,Alto,0.783742363,6499,0,0
8102,5,1.584,6.95,Bajo,-0.643511185,4487,33,7.354579897
7330,5,30.984,63.68333333,NA,NA,NA,0,NA
7717,5,8.519,23.95,Bajo,-0.953826807,1331,13,9.767092412
7724,5,1.559,5.3,Medio,-0.373295921,3933,46,11.69590643
6832,5,1.559,5.3,Medio,-0.373295921,3933,46,11.69590643
7734,5,12.746,30.71666667,Medio,-0.158504993,7052,45,6.381168463
7624,5,23.162,45.05,Alto,0.298829287,3037,0,0
7558,5,5.913,14.41666667,Muy bajo,-1.311196355,2036,139,68.27111984
8157,5,6.274,17.46666667,Medio,-0.50074742,3183,74,23.2485077
7621,5,21.772,42.76666667,Medio,-0.485654709,4291,74,17.24539734
7669,5,22.152,55.91666667,NA,NA,NA,0,NA
7616,5,9.738,26.85,Medio,-0.354929574,4934,77,15.60599919
5396,5,23.162,45.05,Alto,0.298829287,3037,0,0
7703,5,9.738,26.85,Medio,-0.354929574,4934,77,15.60599919
7606,5,1.541,5.116666667,Bajo,-0.900912665,5216,162,31.05828221
7689,5,7.276,14.66666667,Bajo,-0.822693396,2705,161,59.5194085
8110,5,2.332,8.166666667,Medio,-0.585704944,4962,45,9.068923821
7701,5,8.845,19.48333333,Medio,-0.286465677,4060,104,25.61576355
449,5,6.461,16.5,Bajo,-0.859252108,8632,251,29.07784986
3780,5,19.545,35.35,Alto,0.063368427,4747,0,0
7668,5,2.47,7.9,Bajo,-0.843419861,2543,35,13.76327173
8095,5,2.47,7.9,Bajo,-0.843419861,2543,35,13.76327173
7538,5,19.363,51.21666667,Alto,0.623486383,8134,0,0
8077,5,10.735,31.56666667,Muy bajo,-1.094890677,2875,21,7.304347826
7463,5,25.891,47.51666667,Alto,0.472493436,4137,0,0
7280,5,23.571,60.48333333,NA,NA,NA,0,NA
8014,5,10.643,26.9,Medio,-0.61246988,9292,0,0
4314,5,31.494,58.26666667,Medio,-0.582215276,4384,22,5.018248175
7618,5,22.187,53.86666667,Alto,0.610341841,10050,0,0
4233,5,3.884,12.95,Medio,-0.353777804,5237,78,14.8940233
7530,5,13.583,31.53333333,Medio,-0.147222021,6693,0,0
7856,5,9.469,22.76666667,Bajo,-0.678220973,3477,43,12.36698303
7740,5,13.023,29.21666667,Muy bajo,-1.163330685,1383,42,30.36876356
7713,5,5.677,17.2,Bajo,-0.634631204,5247,21,4.002287021
7167,5,7.256,17.88333333,Medio,-0.407526356,5691,80,14.05728343
7005,5,9.738,26.85,Medio,-0.354929574,4934,77,15.60599919
8126,5,2.591,7.95,Muy bajo,-1.110210404,2176,19,8.731617647
7702,5,30.563,45.38333333,Alto,0.635743392,4623,0,0
7685,5,25.807,40.31666667,Alto,0.840286156,3254,0,0
7842,5,1.541,5.116666667,Bajo,-0.900912665,5216,162,31.05828221
7729,5,15.163,33.81666667,Medio,-0.363447737,4672,0,0
8092,5,5.677,17.2,Bajo,-0.634631204,5247,21,4.002287021
90,5,19.141,36.38333333,Muy bajo,-1.274805583,1353,61,45.0849963
7691,5,5.677,17.2,Bajo,-0.634631204,5247,21,4.002287021
4807,6,32.767,46.88333333,Medio,-0.068983564,4145,0,0
6934,6,8.814,22.1,Muy bajo,-1.275735704,1848,61,33.00865801
4504,6,37.272,59.46666667,Alto,0.574580733,2027,0,0
6682,6,17.252,35.65,Muy bajo,-1.045938838,2009,36,17.91936287
5902,6,25.738,49.46666667,Medio,-0.203265732,501,3,5.988023952
8087,6,16.558,37.46666667,Medio,-0.585704944,4962,45,9.068923821
3890,6,43.738,69.1,Bajo,-0.891007142,2532,0,0
366,6,35.106,55.18333333,Bajo,-0.709323044,3962,54,13.62948006
8100,6,34.158,61.23333333,Alto,0.184001491,2992,0,0
214,6,24.331,42.15,Medio,-0.474807523,10152,0,0
4137,6,4.346,12.98333333,Medio,-0.306069544,7137,0,0
3979,6,30.786,62.73333333,Alto,0.113418979,6290,49,7.790143084
7673,7,28.801,52.76666667,Medio,-0.189419712,6291,0,0
7599,7,36.547,67.5,Muy alto,2.034141644,2030,0,0
7751,7,28.935,51.48333333,Muy bajo,-1.252327133,2675,41,15.3271028
7827,7,19.224,37.58333333,Bajo,-0.843419861,2543,35,13.76327173
7777,7,25.274,49.56666667,Muy bajo,-1.069837229,3112,31,9.961439589
7356,7,22.889,43.98333333,Bajo,-0.640312377,3542,22,6.211180124
6210,7,25.338,51.38333333,Bajo,-0.678220973,3477,43,12.36698303
7848,7,25.283,49.53333333,Alto,0.453320424,9150,0,0
7638,7,28.607,52.65,Medio,-0.293533486,3889,0,0
7871,8,19.433,35.85,Medio,-0.138067565,5283,0,0
6958,8,23.405,45.26666667,Medio,-0.561162525,7859,0,0
7651,8,25.85,43.93333333,Alto,0.610341841,10050,0,0
7766,8,19.224,37.58333333,Bajo,-0.843419861,2543,35,13.76327173
7597,8,18.102,32.56666667,Bajo,-0.657148532,2768,63,22.76011561
7784,8,49.271,51.63333333,Bajo,-0.930703887,3786,0,0
7806,8,25.828,51.46666667,Alto,0.247744377,4923,48,9.750152346
8010,8,22.823,37.78333333,Medio,-0.557084925,7016,0,0
2107,8,19.108,47.05,Bajo,-0.731233958,5447,34,6.241968056
7934,8,30.758,64.5,Alto,0.344383894,3440,27,7.848837209
7663,8,28.801,52.76666667,Medio,-0.189419712,6291,0,0
5630,8,20.595,32.71666667,Medio,-0.264079931,9472,0,0
6461,11,33.827,48.31666667,Alto,0.850314647,4100,0,0
7635,11,10.522,18.15,Bajo,-0.722000269,2879,35,12.15699896
7585,11,5.575,10.93333333,Muy bajo,-1.111002684,2741,1,0.364830354
5993,11,35.49,42.6,Alto,0.337775681,2448,0,0
3221,11,13.202,23.78333333,Medio,-0.123095317,4751,86,18.10145233
3960,11,11.842,18.75,Bajo,-0.795854974,2784,30,10.77586207
7596,11,38.124,53.58333333,Bajo,-0.928962406,5971,0,0
5644,11,5.22,14.08333333,Medio,-0.49658407,4710,27,5.732484076
6028,11,14.484,26.73333333,Muy bajo,-0.992368972,4623,70,15.14168289
7570,11,15.284,30.61666667,Medio,0.041437213,3745,32,8.544726302
6334,11,12.682,28.4,Bajo,-0.634631204,5247,21,4.002287021
2451,11,2.538,5.683333333,Medio,-0.50074742,3183,74,23.2485077
8071,25,12.627,28.43333333,NA,NA,NA,0,NA
8016,25,15.979,36.31666667,Bajo,-0.928962406,5971,0,0
7757,25,2.883,10.36666667,Alto,0.084921832,7099,0,0
7619,25,4.79,10.11666667,Alto,0.298829287,3037,0,0
7741,25,12.038,27.66666667,Alto,0.610341841,10050,0,0
5332,25,9.567,20.68333333,Alto,0.783742363,6499,0,0
7633,25,9.044,18.9,Bajo,-0.704898586,2708,49,18.09453471
8040,25,5.087,16.63333333,Medio,-0.189419712,6291,0,0
7643,25,9.567,20.68333333,Alto,0.783742363,6499,0,0
8060,25,9.567,20.68333333,Alto,0.783742363,6499,0,0
7815,25,14.666,35.51666667,Alto,0.757893842,6579,0,0
8111,25,5.28,10.78333333,Alto,0.690697967,6700,0,0
7567,25,16.138,30.01666667,Alto,0.260301136,5860,0,0
7631,25,6.854,21.3,Medio,-0.363447737,4672,0,0
6821,25,15.012,33.51666667,Muy bajo,-0.9794659,22876,0,0
8117,37,4.27,14.83333333,Bajo,-0.665056013,4438,49,11.04100946
2530,37,2.68,9.3,Bajo,-0.684522674,7028,74,10.52931133
7749,37,3.776,13.4,Bajo,-0.764367101,4788,82,17.12614871
7804,37,17.486,33.06666667,Medio,-0.471525914,6321,0,0
8070,37,6.618,21.73333333,Medio,-0.190770891,5097,40,7.847753581
8156,37,11.032,18.9,Muy bajo,-1.051104503,2310,0,0
7731,37,6.412,21.76666667,Alto,0.071652283,12738,5,0.392526299
7991,37,19.648,46.26666667,Muy bajo,-1.166652795,1461,30,20.5338809
8020,37,20.091,36.05,Medio,-0.193535419,8840,0,0
7243,37,21.708,32.56666667,Medio,-0.167561218,4235,0,0
7721,37,2.31,8.316666667,Bajo,-0.659844412,10265,104,10.13151486
7698,37,17.823,25.03333333,Alto,0.357540102,6536,0,0
8000,37,4.588,15.88333333,Muy bajo,-1.27405292,1477,8,5.416384563
6582,37,39.607,51.96666667,Alto,0.820802431,4565,0,0
4746,37,57.968,60.15,NA,NA,NA,0,NA
7781,37,6.618,21.73333333,Medio,-0.190770891,5097,40,7.847753581
7555,37,35.98,50.91666667,Medio,-0.264079931,9472,0,0
6061,37,27.552,49.76666667,Muy bajo,-1.027609801,5132,0,0
7665,37,8.528,20.36666667,Bajo,-0.699178151,3779,55,14.55411485
7775,37,17.173,35.68333333,Muy bajo,-1.040562879,4727,47,9.94288132
8065,37,10.361,21.93333333,Muy bajo,-1.036197855,2437,10,4.103405827
2522,45,27.122,45.81666667,Alto,0.783742363,6499,0,0
7593,45,3.987,8.333333333,Muy bajo,-1.041605202,3465,21,6.060606061
7772,45,21.099,37.16666667,Medio,-0.315604227,3286,0,0
7733,45,6.576,11.2,Medio,-0.193535419,8840,0,0
7244,45,10.051,18.16666667,Medio,-0.231091251,8055,0,0
7881,45,22.114,42.55,Bajo,-0.757495231,1513,36,23.79378718
7792,45,21.732,36.75,Medio,-0.616768054,2717,0,0
7803,45,35.057,44.38333333,Bajo,-0.930703887,3786,0,0
7667,45,34.228,63.6,NA,NA,NA,0,NA
7791,45,26.391,45.28333333,Alto,0.298829287,3037,0,0
6884,45,20.123,37.98333333,Medio,-0.145058081,7721,0,0
7906,45,16.447,28.1,Medio,-0.378486095,2824,3,1.062322946
7911,45,11.068,22.65,Bajo,-0.731233958,5447,34,6.241968056
7952,45,8.901,17.11666667,Medio,-0.5748772,4318,59,13.66373321
7902,45,24.261,42.75,Alto,0.184001491,2992,0,0
7760,45,17.379,30.8,Medio,-0.161716014,5617,0,0
8069,45,9.218,12.66666667,Bajo,-0.908064849,2812,0,0
7728,45,6.055,11.33333333,Muy bajo,-1.111002684,2741,1,0.364830354
8128,45,10.703,24.83333333,NA,NA,NA,146,NA
8081,45,5.006,9.866666667,Bajo,-0.769110258,4651,86,18.49064717
7331,45,8.901,17.11666667,Medio,-0.5748772,4318,59,13.66373321
236,45,15.297,32.76666667,Medio,-0.264079931,9472,0,0
7978,45,8.901,17.11666667,Medio,-0.5748772,4318,59,13.66373321
7843,45,24.87,32.88333333,Alto,0.281043572,2630,0,0
7640,45,13.682,24.18333333,Medio,-0.123095317,4751,86,18.10145233
5549,45,3.959,9.383333333,Bajo,-0.811349407,3341,62,18.55731817
7866,45,10.668,24.26666667,Bajo,-0.731233958,5447,34,6.241968056
5745,45,10.64,21.03333333,Alto,0.088895681,5028,0,0
7762,45,7.551,14.83333333,Bajo,-0.830145074,3603,34,9.436580627
7609,45,5.389,12.55,Bajo,-0.820125668,4520,35,7.743362832
7898,45,11.202,23.85,Medio,-0.188178055,7254,0,0
8002,45,15.297,32.76666667,Medio,-0.264079931,9472,0,0
7658,45,19.86,34.81666667,Medio,-0.256006865,4616,0,0
7625,45,24.567,44.88333333,Alto,0.821386432,1315,0,0
8012,45,10.64,21.03333333,Alto,0.088895681,5028,0,0
7880,45,17.566,34.35,Bajo,-0.953826807,1331,13,9.767092412
7912,50,1.797,7.533333333,Medio,-0.505153413,4771,0,0
7870,50,1.797,7.533333333,Medio,-0.505153413,4771,0,0
7720,50,6.989,20.15,Bajo,-0.746953191,4622,32,6.923409779
7692,50,3.61,11.65,Medio,-0.302646161,804,177,220.1492537
7697,50,38.391,38.06666667,Medio,-0.000194915,3718,0,0
7137,50,11.889,15.63333333,Alto,0.357540102,6536,0,0
7750,50,10.74,32.21666667,Muy bajo,-1.205287074,3892,51,13.10380267
7996,50,4.808,14.45,Bajo,-0.697708341,6901,81,11.73742936
6654,50,12.538,24.88333333,Muy bajo,-1.189789418,2926,20,6.835269993
8131,50,6.936,20.18333333,Alto,0.063923857,3522,45,12.77683135
8024,50,10.244,32.96666667,Muy bajo,-1.247589513,1294,33,25.50231839
7723,50,4.484,13.3,Muy bajo,-0.97478415,5005,88,17.58241758
7957,50,9.728,27.1,Bajo,-0.641096075,5774,79,13.68202286
7958,50,1.797,7.533333333,Medio,-0.505153413,4771,0,0
7837,50,7.361,22.45,Medio,-0.600096571,1721,25,14.52643812
8074,50,8.704,19.41666667,Bajo,-0.827359031,3035,62,20.42833608
5568,50,12.963,42.23333333,Alto,0.573430985,3503,28,7.99314873
7941,50,9.944,30.38333333,Medio,-0.192534208,3358,33,9.827278142
8034,50,5.551,13.66666667,Medio,-0.000460833,5074,21,4.138746551
7945,50,12.408,28.16666667,Bajo,-0.63715994,2790,36,12.90322581
6927,50,5.102,12.01666667,Muy bajo,-1.217090107,2055,10,4.866180049
7875,50,0.282,1.6,Bajo,-0.897535364,4638,44,9.486847779
7904,50,6.936,20.18333333,Alto,0.063923857,3522,45,12.77683135
7890,50,3.61,11.65,Medio,-0.302646161,804,177,220.1492537
7684,50,1.797,7.533333333,Medio,-0.505153413,4771,0,0
7805,50,36.495,39.55,Bajo,-0.779367099,3581,0,0
8050,50,15.915,24.38333333,Bajo,-0.889742573,1136,41,36.0915493
7992,50,4.489,11.46666667,Medio,-0.547124481,2442,57,23.34152334
7704,50,13.381,24.9,NA,NA,NA,0,NA
4008,50,26.03,58.11666667,Alto,0.237539953,4041,49,12.12571146
7990,50,9.291,19.93333333,Bajo,-0.820125668,4520,35,7.743362832
7798,50,25.554,35.11666667,Muy bajo,-0.973409215,5880,0,0
7968,50,10.315,27.4,Medio,-0.058774519,5002,32,6.397441024
8094,50,24.197,32.18333333,Alto,0.512970309,4628,0,0
7853,50,4.536,11.85,Muy bajo,-1.015782277,6437,0,0
7699,50,4.808,14.45,Bajo,-0.697708341,6901,81,11.73742936
7752,50,11.889,15.63333333,Alto,0.357540102,6536,0,0
8151,50,11.601,17.9,Bajo,-0.904237626,3076,36,11.70351105
4044,50,21.952,30.35,Medio,-0.398167917,5652,0,0
7946,50,8.387,26.06666667,Bajo,-0.751798637,2734,142,51.93855157
8139,50,10.244,32.96666667,Muy bajo,-1.247589513,1294,33,25.50231839
8080,50,10.74,32.21666667,Muy bajo,-1.205287074,3892,51,13.10380267
7788,50,6.13,16.06666667,Medio,0.011124636,3389,8,2.360578342
7921,50,8.761,22.26666667,Medio,-0.578010666,4643,68,14.64570321
7682,50,13.861,21.61666667,Alto,0.109486937,4891,0,0
8096,50,5.165,13.53333333,Bajo,-0.646026855,3921,83,21.16806937
7863,50,8.82,24.85,Medio,-0.172450309,7794,46,5.901975879
7694,50,9.944,30.38333333,Medio,-0.192534208,3358,33,9.827278142
8023,50,9.101,28.3,Medio,-0.393892984,1270,35,27.55905512
7889,50,20.157,32.7,Bajo,-0.909327971,5044,0,0
7808,50,14.884,28.05,Bajo,-0.954544948,3185,9,2.825745683
7738,50,27.265,46.58333333,Muy bajo,-1.027609801,5132,0,0
7057,50,7.79,20.41666667,Medio,-0.290766334,6579,0,0
5247,50,17.096,30.81666667,NA,NA,NA,14,NA
7687,50,1.797,7.533333333,Medio,-0.505153413,4771,0,0
7700,50,8.82,24.85,Medio,-0.172450309,7794,46,5.901975879
5429,50,1.797,7.533333333,Medio,-0.505153413,4771,0,0
1424,50,8.838,23,Bajo,-0.641649392,2669,28,10.49082053
7988,50,7.68,22.2,Muy bajo,-0.994726003,4016,16,3.984063745
8170,50,4.892,13.75,Muy bajo,-1.030545533,2959,55,18.58736059
7743,50,6.429,15.7,Bajo,-0.85733814,2321,0,0
7924,50,10.837,31.13333333,Alto,0.075744027,3015,0,0
8124,50,10.149,24.28333333,Bajo,-0.871711472,3179,59,18.55929538
8112,50,21.158,35.76666667,Alto,0.172689659,5642,0,0
7980,50,15.915,24.38333333,Bajo,-0.889742573,1136,41,36.0915493
7858,50,1.797,7.533333333,Medio,-0.505153413,4771,0,0
7716,50,6.708,19.83333333,Bajo,-0.741458572,4103,64,15.59834268
7986,50,0.282,1.6,Bajo,-0.897535364,4638,44,9.486847779
7960,50,16.562,25,Muy bajo,-1.040562879,4727,47,9.94288132
7727,50,11.418,18.08333333,Medio,-0.306069544,7137,0,0
7888,50,6.245,18.13333333,Muy bajo,-1.104255904,3257,20,6.140620203
8008,50,6.634,16.53333333,Medio,-0.215362078,5527,0,0
7771,50,11.418,18.08333333,Medio,-0.306069544,7137,0,0
7718,50,8.203,26.15,Medio,-0.263492611,4370,21,4.805491991
8030,50,13.617,21.7,Medio,-0.397692876,6393,51,7.977475364
7947,50,9.944,30.38333333,Medio,-0.192534208,3358,33,9.827278142
4773,50,9.734,29.68333333,Bajo,-0.94734925,3284,33,10.04872107
8027,50,8.941,27.95,Medio,-0.190770891,5097,40,7.847753581
7744,50,8.531,14.3,Muy bajo,-1.051104503,2310,0,0
5232,50,10.317,31.38333333,Muy bajo,-1.112425792,2922,55,18.82272416
3217,50,15.312,23.21666667,Alto,0.315855503,8054,0,0
7919,50,16.992,38.63333333,Medio,-0.355026246,2501,20,7.996801279
7967,50,30.046,41.51666667,Medio,-0.264079931,9472,0,0
7855,50,7.784,22.2,Bajo,-0.783999376,2114,36,17.02932829
6638,51,6.117,17.35,Muy bajo,-1.036197855,2437,10,4.103405827
2897,51,17.139,28.98333333,Bajo,-0.658305595,5734,68,11.85908615
8067,51,8.557,25.6,Medio,-0.263492611,4370,21,4.805491991
7745,51,6.299,21.15,Bajo,-0.764367101,4788,82,17.12614871
7782,51,11.725,39.03333333,Alto,0.573430985,3503,28,7.99314873
8167,51,14.382,23.3,Medio,-0.447975992,4312,58,13.45083488
6955,51,6.718,10.81666667,Muy bajo,-1.051104503,2310,0,0
7909,51,8.12,25.75,Muy bajo,-1.067053405,4564,49,10.73619632
5933,51,3.738,10.18333333,Medio,-0.000460833,5074,21,4.138746551
8140,51,7.496,21.01666667,Medio,-0.290766334,6579,0,0
8082,51,5.698,16.98333333,Alto,0.063923857,3522,45,12.77683135
7910,51,8.496,24.7,Muy bajo,-1.067053405,4564,49,10.73619632
5646,51,12.894,23.85,Muy bajo,-1.189789418,2926,20,6.835269993
7647,51,4.918,18.03333333,Muy bajo,-1.047242949,5150,59,11.45631068
8045,51,10.869,22.48333333,Medio,-0.62139875,1477,672,454.9763033
8106,51,4.304,17.03333333,Medio,-0.302646161,804,177,220.1492537
7664,51,8.216,26.56666667,Bajo,-0.794508471,4901,41,8.365639665
7854,51,6.007,18.61666667,Medio,-0.368591672,5306,0,0
7822,51,7.496,21.01666667,Medio,-0.290766334,6579,0,0
7851,51,7.683,25.61666667,Alto,0.104108935,3877,41,10.575187
2233,51,23.314,34.41666667,Muy bajo,-1.273729677,1131,0,0
1419,51,5.331,20,Bajo,-0.697708341,6901,81,11.73742936
1905,51,16.816,27.2,Muy bajo,-1.040562879,4727,47,9.94288132
6083,51,31.195,54.91666667,Medio,-0.262822065,9854,0,0
8039,51,23.492,31.36666667,Alto,0.051746099,3270,0,0
3652,51,12.342,19.1,Bajo,-0.741870809,1212,0,0
7168,51,6.153,13.36666667,Medio,-0.413033811,6431,32,4.975897994
7666,51,7.522,20.03333333,Muy bajo,-1.063541334,1774,0,0
4914,51,9.045,26.98333333,Alto,0.075744027,3015,0,0
7943,51,3.289,8.533333333,Muy bajo,-1.217090107,2055,10,4.866180049
4647,51,2.524,8.85,Medio,-0.505153413,4771,0,0
7832,51,7.216,15.03333333,Bajo,-0.774039766,950,6,6.315789474
6360,52,2.478,8.583333333,Alto,0.113418979,6290,49,7.790143084
7693,52,5.412,18.13333333,Alto,0.537381235,6062,53,8.742989113
7652,52,2.037,5.75,Alto,0.449771699,2582,8,3.098373354
8011,52,21.152,52.8,Alto,0.472493436,4137,0,0
8145,52,19.32,44.88333333,Alto,0.574580733,2027,0,0
8085,52,5.816,18.61666667,Muy alto,1.427937821,356,1,2.808988764
7605,52,6.744,15.1,Bajo,-0.70342869,2572,12,4.66562986
8133,52,2.478,8.583333333,Alto,0.113418979,6290,49,7.790143084
7758,52,11.232,31.66666667,Medio,-0.095579282,7549,75,9.93509074
7850,52,1.632,5.533333333,Bajo,-0.824603787,2030,7,3.448275862
7634,52,11.981,28.18333333,Medio,-0.373295921,3933,46,11.69590643
8025,52,3.691,8.05,Medio,-0.078867714,9740,102,10.47227926
7523,52,7.139,18.96666667,Bajo,-0.678220973,3477,43,12.36698303
8061,52,4.528,12.96666667,Bajo,-0.953826807,1331,13,9.767092412
6885,52,2.478,8.583333333,Alto,0.113418979,6290,49,7.790143084
8007,52,15.679,42.98333333,NA,NA,NA,0,NA
8048,52,4.397,11.58333333,Alto,0.216766915,7163,66,9.214016474
7645,52,3.233,12.2,Alto,0.301937078,3680,26,7.065217391
2413,52,4.489,15.15,Medio,-0.103113051,4481,70,15.62151306
7392,52,4.489,15.15,Medio,-0.103113051,4481,70,15.62151306
8018,52,21.152,52.8,Alto,0.472493436,4137,0,0
8055,52,10.662,33.08333333,NA,NA,NA,0,NA
7569,52,3,7.6,Bajo,-0.652797246,3116,29,9.306803594
7770,52,4.528,12.96666667,Bajo,-0.953826807,1331,13,9.767092412
7578,52,2.037,5.75,Alto,0.449771699,2582,8,3.098373354
7489,52,4.489,15.15,Medio,-0.103113051,4481,70,15.62151306
3218,52,23.639,53.43333333,Alto,0.820802431,4565,0,0
4008,52,18.322,31.33333333,Alto,0.237539953,4041,49,12.12571146
8036,52,22.923,56.01666667,Medio,-0.404005052,4801,0,0
7644,52,8.495,24.33333333,Bajo,-0.709921791,7707,73,9.471908654
8086,52,10.662,33.08333333,NA,NA,NA,0,NA
7839,52,12.468,28.68333333,Medio,-0.61246988,9292,0,0
7660,52,16.998,45.6,Medio,-0.174473168,9254,65,7.023989626
7276,52,12.519,34.16666667,Alto,0.115597876,5530,31,5.605786618
6379,52,4.489,15.15,Medio,-0.103113051,4481,70,15.62151306
8154,52,5.424,18.1,Alto,0.344383894,3440,27,7.848837209
7696,52,2.88,9.066666667,Muy bajo,-0.999307958,5487,74,13.48642245
7604,52,6.319,20.68333333,Bajo,-0.877748757,2103,3,1.426533524
5905,52,2.478,8.583333333,Alto,0.113418979,6290,49,7.790143084
7987,52,2.037,5.75,Alto,0.449771699,2582,8,3.098373354
7653,52,6.837,20.66666667,Medio,-0.579465381,5312,62,11.67168675
8013,52,6.744,15.1,Bajo,-0.70342869,2572,12,4.66562986
7779,52,8.185,18.5,Bajo,-0.684679015,11528,80,6.93962526
5761,52,7.348,19.21666667,Bajo,-0.645568602,1512,1,0.661375661
7949,52,2.037,5.75,Alto,0.449771699,2582,8,3.098373354
8134,52,3,7.6,Bajo,-0.652797246,3116,29,9.306803594
4504,52,19.32,44.88333333,Alto,0.574580733,2027,0,0
7715,52,12.519,34.16666667,Alto,0.115597876,5530,31,5.605786618
7642,52,8.026,20.38333333,Muy bajo,-1.372391192,1692,20,11.82033097
7998,52,11.232,31.66666667,Medio,-0.095579282,7549,75,9.93509074
6565,52,6.856,21.05,Medio,-0.313754751,6464,42,6.497524752
8001,52,8.463,21.68333333,Alto,0.177715289,4673,41,8.773806976
7571,52,2.037,5.75,Alto,0.449771699,2582,8,3.098373354
7478,52,6.744,15.1,Bajo,-0.70342869,2572,12,4.66562986
7951,52,21.152,52.8,Alto,0.472493436,4137,0,0
7914,52,8.338,17.78333333,Medio,-0.123095317,4751,86,18.10145233
7378,52,1.104,3.433333333,Medio,-0.435696201,5738,58,10.10805159
7712,52,6.744,15.1,Bajo,-0.70342869,2572,12,4.66562986
7717,52,4.528,12.96666667,Bajo,-0.953826807,1331,13,9.767092412
7610,52,2.037,5.75,Alto,0.449771699,2582,8,3.098373354
7932,52,6.851,20.43333333,Medio,-0.174045327,3630,28,7.713498623
4514,54,7.937,24,Muy bajo,-1.209615732,4126,0,0
7376,54,2.42,6.15,Alto,0.443697943,285,0,0
7834,54,8.448,24.6,Alto,0.172689659,5642,0,0
8153,54,7.274,17.46666667,Alto,0.130013586,5467,0,0
7846,54,1.337,3.45,Medio,-0.478381438,1266,0,0
7797,54,3.144,10.91666667,Alto,0.171943522,489,0,0
7838,54,13.761,30.9,Alto,0.113224909,4985,0,0
8142,54,1.337,3.45,Medio,-0.478381438,1266,0,0
7845,54,6.717,16.56666667,Medio,-0.176425777,4311,0,0
7226,54,6.903,17.25,Medio,-0.176425777,4311,0,0
7212,54,4.455,12.65,Muy bajo,-1.15421731,9179,0,0
8121,56,6.382,23.25,Bajo,-0.915517289,2563,4,1.560671089
7676,56,4.706,13.86666667,Muy bajo,-1.180323447,248,170,685.483871
7799,56,3.594,10.15,Muy bajo,-1.093415691,2599,8,3.078106964
8159,56,0.892,2.666666667,Medio,-0.366011062,4960,37,7.459677419
7878,56,0.64,3.083333333,Medio,-0.348484914,3894,45,11.55624037
7780,56,1.631,5.716666667,Medio,-0.355026246,2501,20,7.996801279
8130,56,1.631,5.716666667,Medio,-0.355026246,2501,20,7.996801279
7913,56,3.594,10.15,Muy bajo,-1.093415691,2599,8,3.078106964
8022,56,0.547,2.466666667,Medio,-0.331949494,5634,113,20.05679801
7583,56,1.631,5.716666667,Medio,-0.355026246,2501,20,7.996801279
7886,56,5.416,19.56666667,Medio,-0.361735784,2998,40,13.34222815
7965,56,1.14,5.316666667,Medio,-0.002269597,4701,37,7.870665816
8056,56,119.583,120.0666667,Alto,0.071515259,3277,0,0
7554,56,0.81,3.183333333,Muy bajo,-1.179965875,542,2,3.6900369
8062,56,2.88,9.016666667,Medio,-0.401797782,2830,13,4.593639576
8127,56,1.555,5.933333333,Muy bajo,-1.320360155,528,0,0
7893,56,4.933,15.76666667,Medio,-0.410464528,3766,38,10.09028147
7690,56,0.64,3.083333333,Medio,-0.348484914,3894,45,11.55624037
7807,56,1.631,5.716666667,Medio,-0.355026246,2501,20,7.996801279
7877,56,3.594,10.15,Muy bajo,-1.093415691,2599,8,3.078106964
5282,56,6.564,18.55,Bajo,-0.757604198,2701,51,18.88189559
7783,56,0.64,3.083333333,Medio,-0.348484914,3894,45,11.55624037
7759,56,6.625,24.28333333,Bajo,-0.915517289,2563,4,1.560671089
7926,56,48.447,74.36666667,Alto,0.837431611,2680,0,0
8118,56,1.925,7.85,Bajo,-0.701845742,3881,78,20.09791291
7836,56,4.717,16.16666667,Muy bajo,-1.187069756,2324,3,1.290877797
7659,56,5.663,18.4,Bajo,-0.630829431,4163,35,8.407398511
8132,56,0.547,2.466666667,Medio,-0.331949494,5634,113,20.05679801
8161,56,6.564,18.55,Bajo,-0.757604198,2701,51,18.88189559
6052,56,3.594,10.15,Muy bajo,-1.093415691,2599,8,3.078106964
7639,56,2.85,11.1,Bajo,-0.774566479,2652,27,10.18099548
7816,56,4.181,14,Medio,-0.428616647,7452,93,12.47987118
7542,57,1.869,6.883333333,Medio,-0.620186929,5134,0,0
7295,57,3.69,13.38333333,Alto,0.460181809,3007,0,0
7170,57,8.113,20.51666667,Bajo,-0.928804937,3709,0,0
7719,57,3.69,13.38333333,Alto,0.460181809,3007,0,0
8093,57,22.98,41.06666667,Bajo,-0.830145074,3603,34,9.436580627
8119,57,15.448,28.41666667,Muy alto,1.49984229,754,0,0
8073,57,10.793,21.38333333,Bajo,-0.948727792,4362,0,0
4958,57,4.636,17.33333333,Alto,0.11618756,6417,0,0
3326,57,9.704,22.86666667,Medio,-0.487103215,4485,69,15.38461538
8004,57,6.118,22.68333333,Alto,0.617514713,3440,0,0
7709,57,20.113,33.61666667,Alto,0.212606789,5229,0,0
7761,59,7.003,14.03333333,NA,NA,NA,0,NA
8064,59,4.509,6.283333333,NA,NA,NA,0,NA
8123,59,7.212,10.83333333,Alto,0.202686765,5793,0,0
7802,59,3.203,7.666666667,NA,NA,NA,0,NA
7824,59,14.259,19.5,NA,NA,NA,0,NA
7732,59,3.203,7.666666667,NA,NA,NA,0,NA
7519,59,3.203,7.666666667,NA,NA,NA,0,NA
7794,59,4.509,6.283333333,NA,NA,NA,0,NA
8075,59,10.234,14.85,Alto,0.248881712,4659,0,0
7012,59,7.543,10.85,Medio,-0.3068137,2958,0,0
7823,59,3.203,7.666666667,NA,NA,NA,0,NA
8032,59,4.509,6.283333333,NA,NA,NA,0,NA
4832,59,6.769,12.88333333,Medio,-0.000566832,3539,0,0
8125,59,3.203,7.666666667,NA,NA,NA,0,NA
1123,59,28.335,44.11666667,Muy alto,1.162406457,2476,0,0
7787,59,3.203,7.666666667,NA,NA,NA,0,NA
8107,59,7.512,12.95,Alto,0.280037915,1998,0,0
8038,59,9.314,11.65,Alto,0.808416604,5675,0,0
7708,60,1.238,4.066666667,Medio,0.002730171,4385,0,0
8066,60,3.529,10.63333333,Alto,0.300915011,3687,0,0
5181,60,3.529,10.63333333,Alto,0.300915011,3687,0,0
7543,60,1.333,4.033333333,Medio,-0.197303754,4820,0,0
5588,60,1.238,4.066666667,Medio,0.002730171,4385,0,0
8026,60,2.746,6.183333333,Medio,-0.557045088,6816,0,0
7656,60,10.427,21.73333333,Medio,-0.000194915,3718,0,0
7581,60,9.986,27.55,Alto,0.295190677,4546,0,0
5000,60,9.893,22.58333333,Medio,-0.040919796,3156,0,0
7061,61,14.702,27.51666667,Medio,0.043718756,5039,0,0
7617,61,15.37,32.96666667,NA,NA,NA,0,NA
7458,61,11.807,25.35,Medio,0.008513231,4951,0,0
8083,61,12.707,29.91666667,Alto,0.47647626,6589,0,0
7821,61,9.411,18.45,Alto,0.170723607,6916,0,0
7726,61,9.086,19.13333333,Alto,0.096722613,5992,0,0
7736,61,2.949,8.716666667,Muy bajo,-1.290584406,2047,0,0
3894,61,7.589,16.23333333,Bajo,-0.86758065,229,0,0
7636,61,2.949,8.716666667,Muy bajo,-1.290584406,2047,0,0
8088,61,6.445,17.95,Alto,0.168775942,5864,0,0
6193,61,7.589,16.23333333,Bajo,-0.86758065,229,0,0
7746,61,8.072,24.06666667,Muy bajo,-1.194461763,3774,0,0
5237,61,7.536,16.43333333,Medio,-0.149262128,6073,0,0
7754,61,6.445,17.95,Alto,0.168775942,5864,0,0
7790,66,23.106,38.16666667,NA,NA,NA,0,NA
7467,66,12.378,29.3,Muy alto,1.670195599,3093,0,0
7453,66,8.154,10.35,NA,NA,NA,0,NA
5704,66,7.137,21.26666667,NA,NA,NA,0,NA
7397,66,4.831,8.933333333,NA,NA,NA,0,NA
7769,66,14.744,34.76666667,NA,NA,NA,0,NA
6658,66,16.775,25.56666667,NA,NA,NA,0,NA
6472,66,8.489,24.33333333,Bajo,-0.943428472,3304,0,0
6986,66,16.775,25.56666667,NA,NA,NA,0,NA
6427,66,8.154,10.35,NA,NA,NA,0,NA
7812,66,9.134,18.01666667,Alto,0.940187573,4843,0,0
7915,66,4.831,8.933333333,NA,NA,NA,0,NA
6567,66,4.831,8.933333333,NA,NA,NA,0,NA
7756,66,20.082,30.28333333,NA,NA,NA,0,NA
8049,68,4.177,13.18333333,Medio,-0.373295921,3933,46,11.69590643
7841,68,9.449,26.33333333,NA,NA,NA,132,NA
7586,68,2.941,11.73333333,Muy bajo,-1.067233831,3584,64,17.85714286
8079,68,4.509,12.95,Muy bajo,-1.16862481,2656,47,17.69578313
8021,68,2.135,8.183333333,Muy bajo,-1.110210404,2176,19,8.731617647
3525,68,4.024,15.78333333,Medio,-0.35553836,7049,89,12.62590438
7793,68,4.271,15.8,Bajo,-0.731233958,5447,34,6.241968056
7896,68,5.651,18.25,Medio,0.041437213,3745,32,8.544726302
7620,68,6.501,18.45,Alto,0.247744377,4923,48,9.750152346
7789,68,2.532,9.783333333,Bajo,-0.843419861,2543,35,13.76327173
7037,68,7.212,21.88333333,Medio,-0.456244718,3207,31,9.666354849
7526,68,4.177,13.18333333,Medio,-0.373295921,3933,46,11.69590643
7948,68,4.271,15.8,Bajo,-0.731233958,5447,34,6.241968056
7825,68,5.142,15.26666667,Bajo,-0.900912665,5216,162,31.05828221
7269,68,27.511,47.85,Alto,0.177450321,7574,0,0
7407,68,4.271,15.8,Bajo,-0.731233958,5447,34,6.241968056
5965,72,6.326,15.61666667,Medio,-0.183028392,6019,0,0
7994,72,9.188,25.75,Muy alto,1.377730657,3494,0,0
2112,72,12.562,32.75,Alto,0.7100023,6834,0,0
8164,72,2.322,7.983333333,Medio,-0.315604227,3286,0,0
8059,72,5.069,14.7,Medio,-0.158357017,3145,16,5.087440382
8147,72,9.188,25.75,Muy alto,1.377730657,3494,0,0
7428,72,11.985,31.08333333,Bajo,-0.930703887,3786,0,0
7879,72,4.17,12.48333333,Alto,0.115597876,5530,31,5.605786618
7515,72,8.4,21.9,Alto,0.574580733,2027,0,0
7231,72,4.014,12.83333333,Medio,-0.172507426,5525,0,0
7735,72,3.378,11.3,Alto,0.139283028,5747,0,0
7963,73,10.222,30.8,NA,NA,NA,0,NA
7983,73,15.515,43.75,Alto,0.281043572,2630,0,0
8122,73,9.623,31.98333333,Alto,0.617444679,1461,0,0
8116,73,13.361,40.16666667,Muy alto,2.034141644,2030,0,0
6206,73,15.193,35.23333333,Bajo,-0.743247184,3001,0,0
7421,73,9.217,30.95,Bajo,-0.891007142,2532,0,0
8160,73,9.094,29.41666667,Muy bajo,-0.9794659,22876,0,0
7993,73,15.697,36.36666667,Alto,0.70246458,3124,0,0
7139,73,15.193,35.23333333,Bajo,-0.743247184,3001,0,0
8149,73,10.644,33.31666667,Bajo,-0.928962406,5971,0,0
6685,73,7.306,23.23333333,Bajo,-0.930703887,3786,0,0
7678,74,5.439,17.08333333,Medio,-0.094329301,5038,43,8.535132989
8015,74,11.415,27.11666667,Bajo,-0.678220973,3477,43,12.36698303
7592,74,22.535,35.56666667,Muy bajo,-1.185895292,2732,77,28.18448023
7298,74,20.243,51.81666667,Medio,-0.276642945,451,21,46.5631929
7239,74,24.408,62.3,Medio,-0.210790973,2350,30,12.76595745
7933,74,32.298,64.21666667,Alto,0.298829287,3037,0,0
7997,74,11.346,30.13333333,Bajo,-0.900912665,5216,162,31.05828221
8138,74,6.142,17.53333333,Muy bajo,-1.093415691,2599,8,3.078106964
8041,74,21.384,37.78333333,Medio,-0.078867714,9740,102,10.47227926
7536,74,5.812,18.23333333,Medio,-0.348484914,3894,45,11.55624037
7778,74,20.067,37.05,Medio,-0.10163172,7594,99,13.03660785
8078,74,19.142,55.88333333,Alto,0.898351346,6236,27,4.329698525
7492,74,15.554,31.6,Bajo,-0.731233958,5447,34,6.241968056
7572,74,17.953,46.65,Alto,0.449771699,2582,8,3.098373354
7655,74,14.197,29.06666667,Medio,-0.373295921,3933,46,11.69590643
7695,74,18.429,42.01666667,Muy bajo,-1.004484107,2352,7,2.976190476
7671,74,14.852,27.21666667,Medio,-0.123095317,4751,86,18.10145233
8141,74,27.365,56.98333333,Medio,-0.582215276,4384,22,5.018248175
7630,74,22.829,42.11666667,Bajo,-0.70342869,2572,12,4.66562986
7979,74,9.862,21.1,Muy bajo,-1.372391192,1692,20,11.82033097
3160,74,11.688,23.4,Muy bajo,-1.236373002,4664,57,12.2212693
5636,74,12.167,31.33333333,Medio,-0.522717536,1989,58,29.1603821
7577,74,4.49,15.33333333,Muy bajo,-1.189419727,1502,17,11.31824234
7966,74,15.344,43.38333333,Muy bajo,-1.094890677,2875,21,7.304347826
8058,74,10.256,23,Bajo,-0.921767698,2634,45,17.08428246
4775,74,12.979,28.26666667,Bajo,-0.643511185,4487,33,7.354579897
7849,74,29.897,74.03333333,Medio,-0.272196044,1320,5,3.787878788
7857,74,14.622,30.68333333,NA,NA,NA,100,NA
7584,74,24.408,62.3,Medio,-0.210790973,2350,30,12.76595745
7865,75,15.372,31.28333333,Medio,-0.5553239,6450,61,9.457364341
7536,75,5.489,16.18333333,Medio,-0.348484914,3894,45,11.55624037
6014,75,11.834,30.25,Bajo,-0.640312377,3542,22,6.211180124
6839,75,20.996,46.11666667,Bajo,-0.94734925,3284,33,10.04872107
6978,76,9.123,17.25,Medio,-0.378000565,2082,0,0
6321,76,11.491,21.63333333,NA,NA,NA,0,NA
8146,76,5.238,10.11666667,Medio,-0.187568093,2798,0,0
5396,76,29.754,39.4,Alto,0.298829287,3037,0,0
6349,76,7.109,13.93333333,Alto,0.669084362,2394,0,0
7901,76,21.996,22,Medio,-0.238416174,4050,0,0
7269,76,10.01,16.53333333,Alto,0.177450321,7574,0,0
7900,76,12.141,14.7,Medio,-0.300717996,4495,0,0
7245,76,7.3,18.56666667,Alto,0.815214521,4969,0,0
7873,76,10.595,21.35,Bajo,-0.891007142,2532,0,0
7844,76,5.877,11.9,Alto,0.090661486,5757,0,0
7887,76,2.385,6.15,Bajo,-0.743247184,3001,0,0
7285,76,11.768,24.4,Bajo,-0.928962406,5971,0,0
5139,76,8.76,21.71666667,Alto,0.616741977,7217,0,0
7685,76,9.926,22.38333333,Alto,0.840286156,3254,0,0
7907,76,13.969,27.81666667,Muy alto,2.034141644,2030,0,0
3169,76,12.123,23.25,Medio,-0.366009927,5390,0,0
6504,76,11.491,21.63333333,NA,NA,NA,0,NA
7885,76,5.154,13.91666667,Alto,0.850314647,4100,0,0
8031,76,6.285,18.08333333,Alto,0.774233037,3940,0,0
8103,79,4.679,12.9,Medio,-0.504048611,5726,0,0
7531,79,7.234,15.05,Medio,0.033488354,5123,0,0
8150,79,8.648,21.05,Alto,0.927049705,4349,0,0
7608,79,6.002,15.61666667,Alto,0.603855143,6209,0,0
8089,79,8.585,16.86666667,Medio,-0.148109343,6942,0,0
8043,79,4.219,13.35,Medio,-0.01397584,10591,0,0
8169,79,4.758,15.25,Alto,0.26269968,7016,0,0
8163,79,6.199,18.73333333,Alto,0.297308751,9333,0,0
7925,79,2.482,7.816666667,Medio,-0.090908055,5152,0,0
8042,79,6.994,17.75,Muy bajo,-1.27405292,1477,8,5.416384563
7612,79,2.482,7.816666667,Medio,-0.090908055,5152,0,0
7588,79,6.002,15.61666667,Alto,0.603855143,6209,0,0
7551,79,8.438,19.51666667,Muy alto,1.352574696,2430,0,0
7576,79,6.225,20.51666667,Alto,0.551433575,4990,0,0
7801,79,6.225,20.51666667,Alto,0.551433575,4990,0,0
7796,80,5.658,14.23333333,Bajo,-0.774039766,950,6,6.315789474
7190,80,9.788,16.5,Muy bajo,-1.051104503,2310,0,0
7833,80,6.619,19.76666667,Bajo,-0.677196265,6888,85,12.34030197
7601,80,11.226,38.4,Alto,0.573430985,3503,28,7.99314873
4458,80,26.473,42.85,Muy bajo,-1.209615732,4126,0,0
6831,80,4.08,10.6,Alto,0.529193104,5215,23,4.410354746
7637,80,9.08,23.38333333,Bajo,-0.90055069,2305,24,10.41214751
3676,80,16.984,34.2,Medio,-0.085765739,6055,0,0
7540,80,6.219,10.06666667,Muy bajo,-1.051104503,2310,0,0
6600,80,8.079,27.76666667,Bajo,-0.730065772,3638,46,12.64431006
6690,80,7.965,27.76666667,Bajo,-0.94734925,3284,33,10.04872107
7786,80,6.96,22.31666667,Bajo,-0.894767756,4042,63,15.58634339
7748,80,7.725,25.73333333,Medio,-0.421567378,4752,31,6.523569024
6505,80,14.165,21.51666667,Medio,-0.487103215,4485,69,15.38461538
7765,80,9.788,16.5,Muy bajo,-1.051104503,2310,0,0
7852,80,5.508,17.88333333,Medio,-0.368591672,5306,0,0
7747,80,5.943,18.35,Muy bajo,-0.994726003,4016,16,3.984063745
7974,80,16.957,31.58333333,Muy bajo,-1.275735704,1848,61,33.00865801
7683,80,16.64,28.23333333,Bajo,-0.658305595,5734,68,11.85908615
5558,80,16.984,34.2,Medio,-0.085765739,6055,0,0
7221,80,19.914,41.1,Alto,0.168775942,5864,0,0
7677,80,11.569,30.58333333,Muy bajo,-1.137351999,4065,102,25.09225092
7817,80,32.534,51.21666667,Alto,0.859760143,14302,0,0
7819,80,17.678,39.01666667,Alto,0.588420715,7042,0,0
7137,81,15.173,24.81666667,Alto,0.357540102,6536,0,0
881,81,2.564,12.5,Bajo,-0.665056013,4438,49,11.04100946
3318,81,41.195,53.88333333,Bajo,-0.822697157,1241,0,0
8003,81,17.145,30.78333333,Alto,0.109486937,4891,0,0
7582,81,11.427,30.8,Medio,-0.539218696,4629,0,0
2897,81,20.168,35.95,Bajo,-0.658305595,5734,68,11.85908615
7999,81,13.625,31.65,Bajo,-0.63715994,2790,36,12.90322581
3652,81,15.372,26.06666667,Bajo,-0.741870809,1212,0,0
7776,81,15.968,34.23333333,Bajo,-0.711747463,2711,30,11.0660273
8136,81,12.036,38.85,Medio,-0.215983891,3574,34,9.513150532
7944,81,5.731,18.05,Muy bajo,-1.01681248,2466,25,10.1378751
7882,81,9.748,17.78333333,Muy bajo,-1.051104503,2310,0,0
7518,81,21.354,38.41666667,Alto,0.073242529,11560,0,0
8053,81,8.578,25.93333333,Medio,-0.600096571,1721,25,14.52643812
7057,81,10.526,27.98333333,Medio,-0.290766334,6579,0,0
8120,81,3.837,14.26666667,Bajo,-0.91798403,1814,6,3.307607497
8113,81,5.872,19.51666667,Bajo,-0.741458572,4103,64,15.59834268
8046,81,20.168,35.95,Bajo,-0.658305595,5734,68,11.85908615
7742,81,15.778,34.78333333,Bajo,-0.669338342,4227,32,7.570380885
8166,81,10.318,31.78333333,Medio,-0.393892984,1270,35,27.55905512
8017,81,4.121,14.93333333,Muy bajo,-1.01981691,2260,38,16.81415929
7730,81,4.257,14.48333333,Bajo,-0.684522674,7028,74,10.52931133
7976,81,10.135,24.45,Muy bajo,-1.180929007,3951,122,30.87825867
4746,81,63.19,69.03333333,NA,NA,NA,0,NA
6542,81,13.554,41.95,Medio,-0.29056344,5161,42,8.13795776
8162,81,8.736,25.78333333,Muy bajo,-1.171751646,3081,31,10.06166829
7989,81,3.837,14.26666667,Bajo,-0.91798403,1814,6,3.307607497
7973,81,15.799,26.33333333,Medio,-0.366200797,4211,37,8.786511517
8105,81,8.558,26.56666667,Medio,-0.383462188,7381,0,0
7204,81,16.317,35.56666667,Medio,-0.579636951,4399,38,8.638326892
8137,81,14.688,24.86666667,Bajo,-0.882658273,1749,0,0
8129,81,2.564,12.5,Bajo,-0.665056013,4438,49,11.04100946
8054,81,3.837,14.26666667,Bajo,-0.91798403,1814,6,3.307607497
7580,81,9.748,17.78333333,Muy bajo,-1.051104503,2310,0,0
7764,81,15.372,26.06666667,Bajo,-0.741870809,1212,0,0
4385,81,16.323,44.28333333,Alto,0.314043979,3588,0,0
8076,81,20.168,35.95,Bajo,-0.658305595,5734,68,11.85908615
8098,81,9.346,23.51666667,Muy bajo,-1.015782277,6437,0,0
8028,81,4.407,17.11666667,Bajo,-0.659844412,10265,104,10.13151486
7681,81,11.534,34.86666667,Muy bajo,-1.112425792,2922,55,18.82272416
7972,81,8.578,25.93333333,Medio,-0.600096571,1721,25,14.52643812
7688,81,9.748,17.78333333,Muy bajo,-1.051104503,2310,0,0
8114,81,5.425,17.11666667,Medio,-0.302646161,804,177,220.1492537
7594,81,4.407,17.11666667,Bajo,-0.659844412,10265,104,10.13151486
7984,81,17.412,30.26666667,Medio,-0.447975992,4312,58,13.45083488
7679,81,19.716,38.31666667,Medio,-0.49658407,4710,27,5.732484076
6877,81,15.169,33.21666667,Medio,-0.46597399,3128,11,3.516624041
7412,81,6.767,17.15,Medio,-0.000460833,5074,21,4.138746551
7814,81,15.696,39.13333333,Muy bajo,-0.996838508,3714,0,0
7714,81,5.738,16.35,Bajo,-0.677196265,6888,85,12.34030197
7813,81,9.748,17.78333333,Muy bajo,-1.051104503,2310,0,0
7648,81,9.748,17.78333333,Muy bajo,-1.051104503,2310,0,0
5280,81,17.694,29.23333333,Medio,-0.487103215,4485,69,15.38461538
7711,81,7.501,22.26666667,Alto,0.369250279,401,93,231.9201995
7259,81,2.564,12.5,Bajo,-0.665056013,4438,49,11.04100946
7600,81,36.915,48.3,Alto,0.300915011,3687,0,0
6006,81,21.265,37.73333333,Alto,0.063368427,4747,0,0
7920,81,9.748,17.78333333,Muy bajo,-1.051104503,2310,0,0
7927,81,10.951,31.38333333,Muy bajo,-1.067053405,4564,49,10.73619632
7964,81,14.688,24.86666667,Bajo,-0.882658273,1749,0,0
7664,81,6.081,18.46666667,Bajo,-0.794508471,4901,41,8.365639665
7786,81,6.055,19.91666667,Bajo,-0.894767756,4042,63,15.58634339
8165,81,15.372,26.06666667,Bajo,-0.741870809,1212,0,0
5168,81,34.001,40.13333333,Medio,0.036829572,4464,0,0
7847,81,35.249,47.05,NA,NA,NA,0,NA
8029,81,3.305,12.46666667,Muy bajo,-0.97478415,5005,88,17.58241758
7650,81,9.329,29.01666667,Medio,-0.263492611,4370,21,4.805491991
8084,81,11.5,33.66666667,Alto,0.075744027,3015,0,0
7657,81,5.145,14.96666667,Muy bajo,-1.117529953,3160,66,20.88607595
7076,81,4.407,17.11666667,Bajo,-0.659844412,10265,104,10.13151486
8063,81,16.901,30.86666667,Medio,-0.397692876,6393,51,7.977475364
8072,82,5.583,11.53333333,Medio,0.041472854,2183,0,0
7672,82,16.888,36.41666667,Alto,1.030427521,3358,0,0
5746,82,12.597,24.41666667,Medio,-0.310672705,1261,0,0
7505,82,11.188,24.28333333,Alto,0.172689659,5642,0,0
7892,82,5.583,11.53333333,Medio,0.041472854,2183,0,0
8097,82,5.307,15.06666667,Medio,0.003863291,3852,0,0
5558,82,6.115,16.78333333,Medio,-0.085765739,6055,0,0
8144,82,5.202,11.88333333,Medio,-0.296490518,3630,0,0
5201,82,12.158,22.33333333,Medio,-0.478381438,1266,0,0
7995,82,5.854,15.26666667,Medio,-0.003174284,6302,0,0
7705,82,4.74,10.96666667,Bajo,-0.764763636,284,0,0
7595,82,0.392,0.85,Medio,-0.601216023,3122,0,0
7338,82,19.039,39.5,Medio,-0.262822065,9854,0,0
7457,82,8.833,21.41666667,Medio,-0.231803787,4163,0,0
7680,82,6.868,14.75,Medio,-0.368876418,3634,0,0
5027,82,26.874,45.88333333,Alto,0.448395639,6105,0,0
4366,82,3.821,10.63333333,Muy bajo,-1.203307417,3272,0,0
7661,82,21.614,46.81666667,Bajo,-0.779367099,3581,0,0
7226,82,17.066,30.21666667,Medio,-0.176425777,4311,0,0
8109,82,5.331,12.48333333,Medio,-0.539218696,4629,0,0
7272,82,4.74,10.96666667,Bajo,-0.764763636,284,0,0
7522,82,4.463,9.05,Medio,-0.171947102,1014,0,0
5618,83,24.181,44.6,Bajo,-0.752547307,2558,0,0
7623,83,13.898,22.85,Medio,-0.504048611,5726,0,0
8068,83,16.654,27.3,Medio,-0.310672705,1261,0,0
5232,83,12.603,31.41666667,Muy bajo,-1.112425792,2922,55,18.82272416
7818,83,14.929,31.21666667,Medio,-0.149262128,6073,0,0
8009,83,13.151,22.96666667,Muy bajo,-1.051104503,2310,0,0
3321,83,11.734,21.6,Alto,0.316388984,3962,0,0
5447,83,24.951,35.05,Bajo,-0.908064849,2812,0,0
6459,83,0.803,2.516666667,Bajo,-0.764763636,284,0,0
6356,83,6.049,19.65,Medio,-0.290766334,6579,0,0
7753,83,6.049,19.65,Medio,-0.290766334,6579,0,0
7930,83,23.502,30.48333333,Medio,-0.176425777,4311,0,0
7785,83,16.899,30.13333333,Alto,0.325499051,3641,0,0
6213,83,0.803,2.516666667,Bajo,-0.764763636,284,0,0
7517,83,3.351,10.55,Bajo,-0.829198369,6022,0,0
8035,83,5.146,12.21666667,Medio,-0.311719176,2513,0,0
7573,83,4.231,14.35,Medio,-0.539218696,4629,0,0
7975,83,41.486,44.6,Alto,0.083432292,2243,0,0
7931,83,12.383,29.36666667,Alto,0.168775942,5864,0,0
624,83,13.809,25.35,Muy bajo,-1.130006545,812,21,25.86206897
7674,83,21.641,43.43333333,Bajo,-0.782702953,2586,0,0
849,83,12.94,22.95,Muy bajo,-1.520128566,411,23,55.96107056
8037,83,3.648,8.533333333,Medio,-0.601216023,3122,0,0
8135,83,15.245,27.16666667,Alto,0.172689659,5642,0,0
7707,83,3.559,9.916666667,Muy bajo,-1.203307417,3272,0,0
7613,83,14.105,22.18333333,Medio,-0.013612504,6094,0,0
7646,84,23.164,59.85,Alto,0.50998092,5780,0,0
7591,84,12.345,24.35,Medio,-0.354080897,3002,82,27.31512325
7622,84,8.445,21.96666667,Medio,-0.385468287,3189,76,23.83192223
7641,84,20.737,51.98333333,Medio,-0.264079931,9472,0,0
7820,85,3.29,8.85,NA,NA,NA,0,NA
7918,85,2.637,3.683333333,Bajo,-0.942128708,3830,0,0
7862,85,3.29,8.85,NA,NA,NA,0,NA
6944,85,44.581,41.9,Muy bajo,-1.13221469,4373,55,12.57717814
7903,85,2.37,6.983333333,NA,NA,NA,0,NA
7962,85,4.897,8.883333333,Muy bajo,-1.242853728,2297,0,0
6203,85,2.37,6.983333333,NA,NA,NA,0,NA
7395,85,5.352,11.18333333,NA,NA,NA,0,NA
7430,85,9.964,19.56666667,NA,NA,NA,0,NA
7557,85,2.37,6.983333333,NA,NA,NA,0,NA
7908,85,3.412,8.65,NA,NA,NA,0,NA
7936,85,3.412,8.65,NA,NA,NA,0,NA
5679,85,22.881,35.16666667,NA,NA,NA,0,NA
7810,85,3.013,8.116666667,NA,NA,NA,0,NA
7864,85,5.994,19.55,Muy bajo,-0.964514662,3526,0,0
7628,85,2.37,6.983333333,NA,NA,NA,0,NA
6205,85,10.952,15.25,NA,NA,NA,0,NA
7969,85,5.994,19.55,Muy bajo,-0.964514662,3526,0,0
7627,85,2.37,6.983333333,NA,NA,NA,0,NA
7417,85,2.37,6.983333333,NA,NA,NA,0,NA
7899,85,22.881,35.16666667,NA,NA,NA,0,NA
7916,85,2.37,6.983333333,NA,NA,NA,0,NA
7484,85,2.37,6.983333333,NA,NA,NA,0,NA
7922,85,4.979,11.85,Bajo,-0.943428472,3304,0,0
7905,85,10.952,15.25,NA,NA,NA,0,NA
7503,85,8.507,14.65,NA,NA,NA,0,NA
6915,85,22.881,35.16666667,NA,NA,NA,0,NA
7954,85,9.894,14.15,NA,NA,NA,0,NA
7953,85,7.083,18.73333333,Muy alto,1.433000778,6165,0,0
7485,85,8.507,14.65,NA,NA,NA,0,NA
7528,85,2.37,6.983333333,NA,NA,NA,0,NA
7955,85,14.514,31.71666667,Alto,0.43630014,3220,0,0
7706,85,5.994,19.55,Muy bajo,-0.964514662,3526,0,0
7923,85,41.341,55.45,NA,NA,NA,0,NA
6104,85,8.507,14.65,NA,NA,NA,0,NA
7895,85,5.213,9.733333333,Muy bajo,-1.020743625,1773,0,0
7516,85,22.13,38.71666667,NA,NA,NA,0,NA
7438,85,3.29,8.85,NA,NA,NA,0,NA
5737,85,10.952,15.25,NA,NA,NA,0,NA
6657,85,10.952,15.25,NA,NA,NA,0,NA
6280,85,3.311,9.55,Bajo,-0.68495642,2968,0,0
7545,85,8.99,17.6,NA,NA,NA,0,NA
7675,85,8.507,14.65,NA,NA,NA,0,NA
7874,85,2.37,6.983333333,NA,NA,NA,0,NA
7860,85,7.083,18.73333333,Muy alto,1.433000778,6165,0,0
7826,85,9.728,14.13333333,NA,NA,NA,0,NA
7442,85,22.13,38.71666667,NA,NA,NA,0,NA
7829,85,5.994,19.55,Muy bajo,-0.964514662,3526,0,0
7830,85,7.504,12.61666667,Medio,-0.266561897,3391,0,0
7859,85,8.507,14.65,NA,NA,NA,0,NA
7686,85,2.37,6.983333333,NA,NA,NA,0,NA
6849,85,8.99,17.6,NA,NA,NA,0,NA
7556,85,10.952,15.25,NA,NA,NA,0,NA
7710,85,2.37,6.983333333,NA,NA,NA,0,NA
7861,85,7.083,18.73333333,Muy alto,1.433000778,6165,0,0
7312,85,2.37,6.983333333,NA,NA,NA,0,NA
7462,85,5.352,11.18333333,NA,NA,NA,0,NA
7496,85,20.344,32.05,Muy alto,1.090905156,4478,0,0
7080,85,10.763,19.95,NA,NA,NA,0,NA
5671,85,10.952,15.25,NA,NA,NA,0,NA
7626,85,22.13,38.71666667,NA,NA,NA,0,NA
7876,85,18.571,30.33333333,NA,NA,NA,0,NA
7773,86,81.299,80.75,NA,NA,NA,0,NA
7774,86,64.982,63.51666667,Muy alto,1.433000778,6165,0,0
6985,86,64.982,63.51666667,Muy alto,1.433000778,6165,0,0
7811,86,61.195,52.53333333,Medio,-0.316170388,2655,0,0
7835,86,49.416,46.65,Alto,0.171905996,3993,0,0
7831,86,54.569,63.93333333,NA,NA,NA,0,NA
7706,86,61.951,59.78333333,Muy bajo,-0.964514662,3526,0,0
7809,86,65.339,61.25,NA,NA,NA,0,NA
7828,86,80.78,79.96666667,NA,NA,NA,0,NA
7971,87,11.92,28.66666667,Muy alto,1.670195599,3093,0,0
7395,87,3.745,6.966666667,NA,NA,NA,0,NA
7773,87,16.869,26.35,NA,NA,NA,0,NA
6203,87,4.856,7.066666667,NA,NA,NA,0,NA
6918,87,15.432,28.33333333,NA,NA,NA,0,NA
7956,87,16.869,26.35,NA,NA,NA,0,NA
7929,87,3.838,8.583333333,NA,NA,NA,0,NA
8158,87,4.745,11.51666667,NA,NA,NA,0,NA
7800,87,7.071,15.33333333,Muy alto,1.433000778,6165,0,0
7737,87,4.94,6.433333333,NA,NA,NA,0,NA
7869,87,4.745,11.51666667,NA,NA,NA,0,NA
7080,87,4.745,11.51666667,NA,NA,NA,0,NA
7867,87,16.119,29.9,NA,NA,NA,0,NA
5677,87,4.94,6.433333333,NA,NA,NA,0,NA
7917,87,4.856,7.066666667,NA,NA,NA,0,NA
7755,87,16.869,26.35,NA,NA,NA,0,NA
7868,87,16.869,26.35,NA,NA,NA,0,NA
6765,87,108.262,123.05,Medio,-0.187568093,2798,0,0
7884,87,16.47,29.71666667,NA,NA,NA,0,NA
7774,87,7.071,15.33333333,Muy alto,1.433000778,6165,0,0
7938,87,8.758,17.6,NA,NA,NA,0,NA
7840,87,4.94,6.433333333,NA,NA,NA,0,NA
7828,87,16.869,26.35,NA,NA,NA,0,NA
5679,87,16.869,26.35,NA,NA,NA,0,NA
8143,87,4.856,7.066666667,NA,NA,NA,0,NA
6205,87,4.94,6.433333333,NA,NA,NA,0,NA
7937,87,2.308,4.616666667,NA,NA,NA,0,NA
7961,87,8.256,18.71666667,Muy bajo,-1.17017348,4283,0,0
7883,87,5.102,8.5,Muy bajo,-1.306287636,3601,0,0
7756,87,16.869,26.35,NA,NA,NA,0,NA
7312,87,4.856,7.066666667,NA,NA,NA,0,NA
7942,88,4.387,10.5,Medio,-0.090908055,5152,0,0
8052,88,6.627,12.15,Muy bajo,-1.084991261,2752,0,0
1424,88,6.741,13.81666667,Bajo,-0.641649392,2669,28,10.49082053
7935,88,5.28,10.53333333,Muy bajo,-1.323344062,1953,11,5.632360471
7939,88,7.876,20.16666667,Alto,0.1297813,10930,0,0
8051,88,8.545,19.85,Alto,0.325499051,3641,0,0
8005,88,6.656,15.6,Medio,-0.580426386,2542,0,0
7982,88,8.69,20.16666667,Alto,0.551433575,4990,0,0
8006,88,7.907,18.28333333,Alto,0.603855143,6209,0,0
8104,88,8.223,23.43333333,NA,NA,NA,0,NA
7551,88,10.344,22.18333333,Muy alto,1.352574696,2430,0,0
7928,88,10.697,24.38333333,Alto,0.927049705,4349,0,0
7977,88,5.75,11.9,Medio,-0.013612504,6094,0,0
7950,88,6.666,12.25,Medio,-0.096554684,7423,0,0
7981,88,7.907,18.28333333,Alto,0.603855143,6209,0,0
